[
    {
        "model": "sites.site",
        "pk": 1,
        "fields": {
            "domain": "precious-gifts.herokuapp.com",
            "name": "precious-gifts.com"
        }
    },
    {
        "model": "cms.page",
        "pk": 1,
        "fields": {
            "path": "000A",
            "depth": 1,
            "numchild": 0,
            "created_by": "script",
            "changed_by": "admin",
            "parent": null,
            "creation_date": "2018-12-28T18:19:25.735Z",
            "changed_date": "2019-01-31T06:53:20.483Z",
            "publication_date": "2018-12-28T18:19:26.240Z",
            "publication_end_date": null,
            "in_navigation": true,
            "soft_root": false,
            "reverse_id": null,
            "navigation_extenders": "StoreMenu",
            "template": "fullwidth.html",
            "site": 1,
            "login_required": false,
            "limit_visibility_in_menu": null,
            "is_home": false,
            "application_urls": "StoreApp",
            "application_namespace": "store",
            "publisher_is_draft": true,
            "publisher_public": 2,
            "languages": "en",
            "revision_id": 0,
            "xframe_options": 0,
            "placeholders": [
                2
            ]
        }
    },
    {
        "model": "cms.page",
        "pk": 2,
        "fields": {
            "path": "000B",
            "depth": 1,
            "numchild": 0,
            "created_by": "script",
            "changed_by": "admin",
            "parent": null,
            "creation_date": "2018-12-28T18:19:26.253Z",
            "changed_date": "2019-01-31T06:53:20.581Z",
            "publication_date": "2018-12-28T18:19:26.240Z",
            "publication_end_date": null,
            "in_navigation": true,
            "soft_root": false,
            "reverse_id": null,
            "navigation_extenders": "StoreMenu",
            "template": "fullwidth.html",
            "site": 1,
            "login_required": false,
            "limit_visibility_in_menu": null,
            "is_home": false,
            "application_urls": "StoreApp",
            "application_namespace": "store",
            "publisher_is_draft": false,
            "publisher_public": 1,
            "languages": "en",
            "revision_id": 0,
            "xframe_options": 0,
            "placeholders": [
                3
            ]
        }
    },
    {
        "model": "cms.page",
        "pk": 8,
        "fields": {
            "path": "0007",
            "depth": 1,
            "numchild": 0,
            "created_by": "admin",
            "changed_by": "admin",
            "parent": null,
            "creation_date": "2019-01-31T06:52:01.088Z",
            "changed_date": "2019-01-31T08:29:18.642Z",
            "publication_date": "2019-01-31T06:52:48.934Z",
            "publication_end_date": null,
            "in_navigation": true,
            "soft_root": false,
            "reverse_id": null,
            "navigation_extenders": null,
            "template": "fullwidth.html",
            "site": 1,
            "login_required": false,
            "limit_visibility_in_menu": null,
            "is_home": true,
            "application_urls": "",
            "application_namespace": null,
            "publisher_is_draft": true,
            "publisher_public": 9,
            "languages": "en",
            "revision_id": 0,
            "xframe_options": 0,
            "placeholders": [
                17
            ]
        }
    },
    {
        "model": "cms.page",
        "pk": 9,
        "fields": {
            "path": "0008",
            "depth": 1,
            "numchild": 0,
            "created_by": "admin",
            "changed_by": "admin",
            "parent": null,
            "creation_date": "2019-01-31T06:52:48.939Z",
            "changed_date": "2019-01-31T08:29:18.617Z",
            "publication_date": "2019-01-31T06:52:48.934Z",
            "publication_end_date": null,
            "in_navigation": true,
            "soft_root": false,
            "reverse_id": null,
            "navigation_extenders": null,
            "template": "fullwidth.html",
            "site": 1,
            "login_required": false,
            "limit_visibility_in_menu": null,
            "is_home": true,
            "application_urls": "",
            "application_namespace": null,
            "publisher_is_draft": false,
            "publisher_public": 8,
            "languages": "en",
            "revision_id": 0,
            "xframe_options": 0,
            "placeholders": [
                18
            ]
        }
    },
    {
        "model": "cms.page",
        "pk": 10,
        "fields": {
            "path": "000E",
            "depth": 1,
            "numchild": 0,
            "created_by": "script",
            "changed_by": "admin",
            "parent": null,
            "creation_date": "2019-01-31T08:26:03.417Z",
            "changed_date": "2019-01-31T08:29:18.626Z",
            "publication_date": "2019-01-31T08:27:55.485Z",
            "publication_end_date": null,
            "in_navigation": true,
            "soft_root": false,
            "reverse_id": null,
            "navigation_extenders": null,
            "template": "INHERIT",
            "site": 1,
            "login_required": false,
            "limit_visibility_in_menu": null,
            "is_home": false,
            "application_urls": "DjangoCMSFormsApphook",
            "application_namespace": null,
            "publisher_is_draft": true,
            "publisher_public": 11,
            "languages": "en",
            "revision_id": 0,
            "xframe_options": 0,
            "placeholders": [
                20
            ]
        }
    },
    {
        "model": "cms.page",
        "pk": 11,
        "fields": {
            "path": "000F",
            "depth": 1,
            "numchild": 0,
            "created_by": "admin",
            "changed_by": "admin",
            "parent": null,
            "creation_date": "2019-01-31T08:27:55.490Z",
            "changed_date": "2019-01-31T08:29:18.601Z",
            "publication_date": "2019-01-31T08:27:55.485Z",
            "publication_end_date": null,
            "in_navigation": true,
            "soft_root": false,
            "reverse_id": null,
            "navigation_extenders": null,
            "template": "INHERIT",
            "site": 1,
            "login_required": false,
            "limit_visibility_in_menu": null,
            "is_home": false,
            "application_urls": "DjangoCMSFormsApphook",
            "application_namespace": null,
            "publisher_is_draft": false,
            "publisher_public": 10,
            "languages": "en",
            "revision_id": 0,
            "xframe_options": 0,
            "placeholders": [
                21
            ]
        }
    },
    {
        "model": "cms.placeholder",
        "pk": 1,
        "fields": {
            "slot": "clipboard",
            "default_width": null
        }
    },
    {
        "model": "cms.placeholder",
        "pk": 2,
        "fields": {
            "slot": "content",
            "default_width": null
        }
    },
    {
        "model": "cms.placeholder",
        "pk": 3,
        "fields": {
            "slot": "content",
            "default_width": null
        }
    },
    {
        "model": "cms.placeholder",
        "pk": 4,
        "fields": {
            "slot": "footer",
            "default_width": null
        }
    },
    {
        "model": "cms.placeholder",
        "pk": 5,
        "fields": {
            "slot": "footer",
            "default_width": null
        }
    },
    {
        "model": "cms.placeholder",
        "pk": 11,
        "fields": {
            "slot": "clipboard",
            "default_width": null
        }
    },
    {
        "model": "cms.placeholder",
        "pk": 12,
        "fields": {
            "slot": "footer",
            "default_width": null
        }
    },
    {
        "model": "cms.placeholder",
        "pk": 13,
        "fields": {
            "slot": "footer",
            "default_width": null
        }
    },
    {
        "model": "cms.placeholder",
        "pk": 14,
        "fields": {
            "slot": "clipboard",
            "default_width": null
        }
    },
    {
        "model": "cms.placeholder",
        "pk": 15,
        "fields": {
            "slot": "footer",
            "default_width": null
        }
    },
    {
        "model": "cms.placeholder",
        "pk": 16,
        "fields": {
            "slot": "footer",
            "default_width": null
        }
    },
    {
        "model": "cms.placeholder",
        "pk": 17,
        "fields": {
            "slot": "content",
            "default_width": null
        }
    },
    {
        "model": "cms.placeholder",
        "pk": 18,
        "fields": {
            "slot": "content",
            "default_width": null
        }
    },
    {
        "model": "cms.placeholder",
        "pk": 19,
        "fields": {
            "slot": "clipboard",
            "default_width": null
        }
    },
    {
        "model": "cms.placeholder",
        "pk": 20,
        "fields": {
            "slot": "content",
            "default_width": null
        }
    },
    {
        "model": "cms.placeholder",
        "pk": 21,
        "fields": {
            "slot": "content",
            "default_width": null
        }
    },
    {
        "model": "cms.cmsplugin",
        "pk": 1,
        "fields": {
            "path": "0001",
            "depth": 1,
            "numchild": 1,
            "placeholder": 4,
            "parent": null,
            "position": 0,
            "language": "en",
            "plugin_type": "Bootstrap4GridContainerPlugin",
            "creation_date": "2018-12-28T20:00:09.337Z",
            "changed_date": "2018-12-30T07:39:25.460Z"
        }
    },
    {
        "model": "cms.cmsplugin",
        "pk": 17,
        "fields": {
            "path": "00010001",
            "depth": 2,
            "numchild": 1,
            "placeholder": 4,
            "parent": 1,
            "position": 0,
            "language": "en",
            "plugin_type": "TextPlugin",
            "creation_date": "2018-12-30T07:39:31.619Z",
            "changed_date": "2018-12-30T11:26:56.032Z"
        }
    },
    {
        "model": "cms.cmsplugin",
        "pk": 18,
        "fields": {
            "path": "000100010001",
            "depth": 3,
            "numchild": 0,
            "placeholder": 4,
            "parent": 17,
            "position": 0,
            "language": "en",
            "plugin_type": "IconPlugin",
            "creation_date": "2018-12-30T07:39:54.545Z",
            "changed_date": "2018-12-30T07:39:54.556Z"
        }
    },
    {
        "model": "cms.cmsplugin",
        "pk": 249,
        "fields": {
            "path": "0011",
            "depth": 1,
            "numchild": 1,
            "placeholder": 5,
            "parent": null,
            "position": 0,
            "language": "en",
            "plugin_type": "Bootstrap4GridContainerPlugin",
            "creation_date": "2018-12-28T20:00:09.337Z",
            "changed_date": "2018-12-30T12:50:02.640Z"
        }
    },
    {
        "model": "cms.cmsplugin",
        "pk": 250,
        "fields": {
            "path": "00110001",
            "depth": 2,
            "numchild": 1,
            "placeholder": 5,
            "parent": 249,
            "position": 0,
            "language": "en",
            "plugin_type": "TextPlugin",
            "creation_date": "2018-12-30T07:39:31.619Z",
            "changed_date": "2018-12-30T12:50:02.670Z"
        }
    },
    {
        "model": "cms.cmsplugin",
        "pk": 251,
        "fields": {
            "path": "001100010001",
            "depth": 3,
            "numchild": 0,
            "placeholder": 5,
            "parent": 250,
            "position": 0,
            "language": "en",
            "plugin_type": "IconPlugin",
            "creation_date": "2018-12-30T07:39:54.545Z",
            "changed_date": "2018-12-30T12:50:02.660Z"
        }
    },
    {
        "model": "cms.cmsplugin",
        "pk": 321,
        "fields": {
            "path": "001E",
            "depth": 1,
            "numchild": 1,
            "placeholder": 15,
            "parent": null,
            "position": 0,
            "language": "en",
            "plugin_type": "TextPlugin",
            "creation_date": "2019-01-31T06:53:47.634Z",
            "changed_date": "2019-01-31T06:56:26.408Z"
        }
    },
    {
        "model": "cms.cmsplugin",
        "pk": 323,
        "fields": {
            "path": "001E0002",
            "depth": 2,
            "numchild": 0,
            "placeholder": 15,
            "parent": 321,
            "position": 0,
            "language": "en",
            "plugin_type": "IconPlugin",
            "creation_date": "2019-01-31T06:56:10.486Z",
            "changed_date": "2019-01-31T06:56:13.811Z"
        }
    },
    {
        "model": "cms.cmsplugin",
        "pk": 324,
        "fields": {
            "path": "001F",
            "depth": 1,
            "numchild": 3,
            "placeholder": 17,
            "parent": null,
            "position": 0,
            "language": "en",
            "plugin_type": "Bootstrap4CarouselPlugin",
            "creation_date": "2019-01-31T06:57:06.460Z",
            "changed_date": "2019-01-31T07:00:15.994Z"
        }
    },
    {
        "model": "cms.cmsplugin",
        "pk": 325,
        "fields": {
            "path": "001F0001",
            "depth": 2,
            "numchild": 0,
            "placeholder": 17,
            "parent": 324,
            "position": 0,
            "language": "en",
            "plugin_type": "Bootstrap4CarouselSlidePlugin",
            "creation_date": "2019-01-31T06:59:01.079Z",
            "changed_date": "2019-01-31T07:03:42.791Z"
        }
    },
    {
        "model": "cms.cmsplugin",
        "pk": 326,
        "fields": {
            "path": "001F0002",
            "depth": 2,
            "numchild": 0,
            "placeholder": 17,
            "parent": 324,
            "position": 1,
            "language": "en",
            "plugin_type": "Bootstrap4CarouselSlidePlugin",
            "creation_date": "2019-01-31T07:04:17.461Z",
            "changed_date": "2019-01-31T07:06:29.352Z"
        }
    },
    {
        "model": "cms.cmsplugin",
        "pk": 327,
        "fields": {
            "path": "001F0003",
            "depth": 2,
            "numchild": 0,
            "placeholder": 17,
            "parent": 324,
            "position": 2,
            "language": "en",
            "plugin_type": "Bootstrap4CarouselSlidePlugin",
            "creation_date": "2019-01-31T07:08:23.802Z",
            "changed_date": "2019-01-31T07:09:25.935Z"
        }
    },
    {
        "model": "cms.cmsplugin",
        "pk": 328,
        "fields": {
            "path": "001G",
            "depth": 1,
            "numchild": 8,
            "placeholder": 17,
            "parent": null,
            "position": 1,
            "language": "en",
            "plugin_type": "Bootstrap4GridContainerPlugin",
            "creation_date": "2019-01-31T07:09:55.172Z",
            "changed_date": "2019-01-31T07:09:55.176Z"
        }
    },
    {
        "model": "cms.cmsplugin",
        "pk": 329,
        "fields": {
            "path": "001G0001",
            "depth": 2,
            "numchild": 1,
            "placeholder": 17,
            "parent": 328,
            "position": 0,
            "language": "en",
            "plugin_type": "Bootstrap4GridRowPlugin",
            "creation_date": "2019-01-31T07:10:39.551Z",
            "changed_date": "2019-01-31T07:29:00.412Z"
        }
    },
    {
        "model": "cms.cmsplugin",
        "pk": 330,
        "fields": {
            "path": "001G00010001",
            "depth": 3,
            "numchild": 1,
            "placeholder": 17,
            "parent": 329,
            "position": 0,
            "language": "en",
            "plugin_type": "Bootstrap4GridColumnPlugin",
            "creation_date": "2019-01-31T07:10:39.558Z",
            "changed_date": "2019-01-31T07:12:58.746Z"
        }
    },
    {
        "model": "cms.cmsplugin",
        "pk": 332,
        "fields": {
            "path": "001G000100010001",
            "depth": 4,
            "numchild": 0,
            "placeholder": 17,
            "parent": 330,
            "position": 0,
            "language": "en",
            "plugin_type": "TextPlugin",
            "creation_date": "2019-01-31T07:13:25.915Z",
            "changed_date": "2019-01-31T07:30:56.283Z"
        }
    },
    {
        "model": "cms.cmsplugin",
        "pk": 333,
        "fields": {
            "path": "001G0002",
            "depth": 2,
            "numchild": 3,
            "placeholder": 17,
            "parent": 328,
            "position": 1,
            "language": "en",
            "plugin_type": "Bootstrap4GridRowPlugin",
            "creation_date": "2019-01-31T07:14:50.376Z",
            "changed_date": "2019-01-31T07:22:43.421Z"
        }
    },
    {
        "model": "cms.cmsplugin",
        "pk": 334,
        "fields": {
            "path": "001G00020001",
            "depth": 3,
            "numchild": 1,
            "placeholder": 17,
            "parent": 333,
            "position": 0,
            "language": "en",
            "plugin_type": "Bootstrap4GridColumnPlugin",
            "creation_date": "2019-01-31T07:14:50.386Z",
            "changed_date": "2019-01-31T07:15:40.436Z"
        }
    },
    {
        "model": "cms.cmsplugin",
        "pk": 337,
        "fields": {
            "path": "001G000200010001",
            "depth": 4,
            "numchild": 2,
            "placeholder": 17,
            "parent": 334,
            "position": 0,
            "language": "en",
            "plugin_type": "Bootstrap4CardPlugin",
            "creation_date": "2019-01-31T07:16:25.988Z",
            "changed_date": "2019-01-31T07:16:36.631Z"
        }
    },
    {
        "model": "cms.cmsplugin",
        "pk": 338,
        "fields": {
            "path": "001G0002000100010001",
            "depth": 5,
            "numchild": 2,
            "placeholder": 17,
            "parent": 337,
            "position": 0,
            "language": "en",
            "plugin_type": "Bootstrap4CardInnerPlugin",
            "creation_date": "2019-01-31T07:16:58.537Z",
            "changed_date": "2019-01-31T07:16:58.546Z"
        }
    },
    {
        "model": "cms.cmsplugin",
        "pk": 339,
        "fields": {
            "path": "001G00020001000100010001",
            "depth": 6,
            "numchild": 0,
            "placeholder": 17,
            "parent": 338,
            "position": 0,
            "language": "en",
            "plugin_type": "Bootstrap4PicturePlugin",
            "creation_date": "2019-01-31T07:18:13.395Z",
            "changed_date": "2019-01-31T07:28:08.096Z"
        }
    },
    {
        "model": "cms.cmsplugin",
        "pk": 340,
        "fields": {
            "path": "001G00020001000100010002",
            "depth": 6,
            "numchild": 0,
            "placeholder": 17,
            "parent": 338,
            "position": 1,
            "language": "en",
            "plugin_type": "TextPlugin",
            "creation_date": "2019-01-31T07:18:22.400Z",
            "changed_date": "2019-01-31T07:19:34.070Z"
        }
    },
    {
        "model": "cms.cmsplugin",
        "pk": 341,
        "fields": {
            "path": "001G0002000100010002",
            "depth": 5,
            "numchild": 1,
            "placeholder": 17,
            "parent": 337,
            "position": 1,
            "language": "en",
            "plugin_type": "Bootstrap4CardInnerPlugin",
            "creation_date": "2019-01-31T07:19:52.017Z",
            "changed_date": "2019-01-31T07:19:52.022Z"
        }
    },
    {
        "model": "cms.cmsplugin",
        "pk": 342,
        "fields": {
            "path": "001G00020001000100020001",
            "depth": 6,
            "numchild": 0,
            "placeholder": 17,
            "parent": 341,
            "position": 0,
            "language": "en",
            "plugin_type": "Bootstrap4LinkPlugin",
            "creation_date": "2019-01-31T07:20:56.793Z",
            "changed_date": "2019-01-31T07:20:56.801Z"
        }
    },
    {
        "model": "cms.cmsplugin",
        "pk": 350,
        "fields": {
            "path": "001G00020004",
            "depth": 3,
            "numchild": 1,
            "placeholder": 17,
            "parent": 333,
            "position": 1,
            "language": "en",
            "plugin_type": "Bootstrap4GridColumnPlugin",
            "creation_date": "2019-01-31T07:14:50.386Z",
            "changed_date": "2019-01-31T07:22:43.971Z"
        }
    },
    {
        "model": "cms.cmsplugin",
        "pk": 351,
        "fields": {
            "path": "001G000200040001",
            "depth": 4,
            "numchild": 2,
            "placeholder": 17,
            "parent": 350,
            "position": 0,
            "language": "en",
            "plugin_type": "Bootstrap4CardPlugin",
            "creation_date": "2019-01-31T07:16:25.988Z",
            "changed_date": "2019-01-31T07:22:27.583Z"
        }
    },
    {
        "model": "cms.cmsplugin",
        "pk": 352,
        "fields": {
            "path": "001G0002000400010001",
            "depth": 5,
            "numchild": 2,
            "placeholder": 17,
            "parent": 351,
            "position": 0,
            "language": "en",
            "plugin_type": "Bootstrap4CardInnerPlugin",
            "creation_date": "2019-01-31T07:16:58.537Z",
            "changed_date": "2019-01-31T07:22:27.593Z"
        }
    },
    {
        "model": "cms.cmsplugin",
        "pk": 353,
        "fields": {
            "path": "001G00020004000100010001",
            "depth": 6,
            "numchild": 0,
            "placeholder": 17,
            "parent": 352,
            "position": 0,
            "language": "en",
            "plugin_type": "Bootstrap4PicturePlugin",
            "creation_date": "2019-01-31T07:18:13.395Z",
            "changed_date": "2019-01-31T07:27:31.963Z"
        }
    },
    {
        "model": "cms.cmsplugin",
        "pk": 354,
        "fields": {
            "path": "001G00020004000100010002",
            "depth": 6,
            "numchild": 0,
            "placeholder": 17,
            "parent": 352,
            "position": 1,
            "language": "en",
            "plugin_type": "TextPlugin",
            "creation_date": "2019-01-31T07:18:22.400Z",
            "changed_date": "2019-01-31T07:23:34.809Z"
        }
    },
    {
        "model": "cms.cmsplugin",
        "pk": 355,
        "fields": {
            "path": "001G0002000400010002",
            "depth": 5,
            "numchild": 1,
            "placeholder": 17,
            "parent": 351,
            "position": 1,
            "language": "en",
            "plugin_type": "Bootstrap4CardInnerPlugin",
            "creation_date": "2019-01-31T07:19:52.017Z",
            "changed_date": "2019-01-31T07:22:27.633Z"
        }
    },
    {
        "model": "cms.cmsplugin",
        "pk": 356,
        "fields": {
            "path": "001G00020004000100020001",
            "depth": 6,
            "numchild": 0,
            "placeholder": 17,
            "parent": 355,
            "position": 0,
            "language": "en",
            "plugin_type": "Bootstrap4LinkPlugin",
            "creation_date": "2019-01-31T07:20:56.793Z",
            "changed_date": "2019-01-31T07:22:27.642Z"
        }
    },
    {
        "model": "cms.cmsplugin",
        "pk": 357,
        "fields": {
            "path": "001G00020005",
            "depth": 3,
            "numchild": 1,
            "placeholder": 17,
            "parent": 333,
            "position": 2,
            "language": "en",
            "plugin_type": "Bootstrap4GridColumnPlugin",
            "creation_date": "2019-01-31T07:14:50.386Z",
            "changed_date": "2019-01-31T07:22:43.976Z"
        }
    },
    {
        "model": "cms.cmsplugin",
        "pk": 358,
        "fields": {
            "path": "001G000200050001",
            "depth": 4,
            "numchild": 2,
            "placeholder": 17,
            "parent": 357,
            "position": 0,
            "language": "en",
            "plugin_type": "Bootstrap4CardPlugin",
            "creation_date": "2019-01-31T07:16:25.988Z",
            "changed_date": "2019-01-31T07:22:38.363Z"
        }
    },
    {
        "model": "cms.cmsplugin",
        "pk": 359,
        "fields": {
            "path": "001G0002000500010001",
            "depth": 5,
            "numchild": 2,
            "placeholder": 17,
            "parent": 358,
            "position": 0,
            "language": "en",
            "plugin_type": "Bootstrap4CardInnerPlugin",
            "creation_date": "2019-01-31T07:16:58.537Z",
            "changed_date": "2019-01-31T07:22:38.373Z"
        }
    },
    {
        "model": "cms.cmsplugin",
        "pk": 360,
        "fields": {
            "path": "001G00020005000100010001",
            "depth": 6,
            "numchild": 0,
            "placeholder": 17,
            "parent": 359,
            "position": 0,
            "language": "en",
            "plugin_type": "Bootstrap4PicturePlugin",
            "creation_date": "2019-01-31T07:18:13.395Z",
            "changed_date": "2019-01-31T07:26:14.538Z"
        }
    },
    {
        "model": "cms.cmsplugin",
        "pk": 361,
        "fields": {
            "path": "001G00020005000100010002",
            "depth": 6,
            "numchild": 0,
            "placeholder": 17,
            "parent": 359,
            "position": 1,
            "language": "en",
            "plugin_type": "TextPlugin",
            "creation_date": "2019-01-31T07:18:22.400Z",
            "changed_date": "2019-01-31T07:24:36.058Z"
        }
    },
    {
        "model": "cms.cmsplugin",
        "pk": 362,
        "fields": {
            "path": "001G0002000500010002",
            "depth": 5,
            "numchild": 1,
            "placeholder": 17,
            "parent": 358,
            "position": 1,
            "language": "en",
            "plugin_type": "Bootstrap4CardInnerPlugin",
            "creation_date": "2019-01-31T07:19:52.017Z",
            "changed_date": "2019-01-31T07:22:38.413Z"
        }
    },
    {
        "model": "cms.cmsplugin",
        "pk": 363,
        "fields": {
            "path": "001G00020005000100020001",
            "depth": 6,
            "numchild": 0,
            "placeholder": 17,
            "parent": 362,
            "position": 0,
            "language": "en",
            "plugin_type": "Bootstrap4LinkPlugin",
            "creation_date": "2019-01-31T07:20:56.793Z",
            "changed_date": "2019-01-31T07:22:38.422Z"
        }
    },
    {
        "model": "cms.cmsplugin",
        "pk": 394,
        "fields": {
            "path": "001K",
            "depth": 1,
            "numchild": 1,
            "placeholder": 16,
            "parent": null,
            "position": 0,
            "language": "en",
            "plugin_type": "TextPlugin",
            "creation_date": "2019-01-31T06:53:47.634Z",
            "changed_date": "2019-01-31T07:29:37.046Z"
        }
    },
    {
        "model": "cms.cmsplugin",
        "pk": 395,
        "fields": {
            "path": "001K0001",
            "depth": 2,
            "numchild": 0,
            "placeholder": 16,
            "parent": 394,
            "position": 0,
            "language": "en",
            "plugin_type": "IconPlugin",
            "creation_date": "2019-01-31T06:56:10.486Z",
            "changed_date": "2019-01-31T07:29:37.038Z"
        }
    },
    {
        "model": "cms.cmsplugin",
        "pk": 399,
        "fields": {
            "path": "001G0003",
            "depth": 2,
            "numchild": 1,
            "placeholder": 17,
            "parent": 328,
            "position": 3,
            "language": "en",
            "plugin_type": "Bootstrap4GridRowPlugin",
            "creation_date": "2019-01-31T07:10:39.551Z",
            "changed_date": "2019-01-31T07:33:38.037Z"
        }
    },
    {
        "model": "cms.cmsplugin",
        "pk": 400,
        "fields": {
            "path": "001G00030001",
            "depth": 3,
            "numchild": 1,
            "placeholder": 17,
            "parent": 399,
            "position": 0,
            "language": "en",
            "plugin_type": "Bootstrap4GridColumnPlugin",
            "creation_date": "2019-01-31T07:10:39.558Z",
            "changed_date": "2019-01-31T07:33:38.053Z"
        }
    },
    {
        "model": "cms.cmsplugin",
        "pk": 401,
        "fields": {
            "path": "001G000300010001",
            "depth": 4,
            "numchild": 0,
            "placeholder": 17,
            "parent": 400,
            "position": 0,
            "language": "en",
            "plugin_type": "TextPlugin",
            "creation_date": "2019-01-31T07:13:25.915Z",
            "changed_date": "2019-01-31T07:34:02.957Z"
        }
    },
    {
        "model": "cms.cmsplugin",
        "pk": 402,
        "fields": {
            "path": "001G0004",
            "depth": 2,
            "numchild": 2,
            "placeholder": 17,
            "parent": 328,
            "position": 4,
            "language": "en",
            "plugin_type": "Bootstrap4GridRowPlugin",
            "creation_date": "2019-01-31T07:34:29.050Z",
            "changed_date": "2019-01-31T07:41:01.035Z"
        }
    },
    {
        "model": "cms.cmsplugin",
        "pk": 403,
        "fields": {
            "path": "001G00040001",
            "depth": 3,
            "numchild": 1,
            "placeholder": 17,
            "parent": 402,
            "position": 0,
            "language": "en",
            "plugin_type": "Bootstrap4GridColumnPlugin",
            "creation_date": "2019-01-31T07:34:29.085Z",
            "changed_date": "2019-01-31T07:43:55.298Z"
        }
    },
    {
        "model": "cms.cmsplugin",
        "pk": 405,
        "fields": {
            "path": "001G000400010001",
            "depth": 4,
            "numchild": 0,
            "placeholder": 17,
            "parent": 403,
            "position": 0,
            "language": "en",
            "plugin_type": "VideoPlayerPlugin",
            "creation_date": "2019-01-31T07:35:24.909Z",
            "changed_date": "2019-01-31T07:35:24.914Z"
        }
    },
    {
        "model": "cms.cmsplugin",
        "pk": 408,
        "fields": {
            "path": "001G00040002",
            "depth": 3,
            "numchild": 1,
            "placeholder": 17,
            "parent": 402,
            "position": 1,
            "language": "en",
            "plugin_type": "Bootstrap4GridColumnPlugin",
            "creation_date": "2019-01-31T07:34:29.085Z",
            "changed_date": "2019-01-31T07:44:06.170Z"
        }
    },
    {
        "model": "cms.cmsplugin",
        "pk": 409,
        "fields": {
            "path": "001G000400020001",
            "depth": 4,
            "numchild": 0,
            "placeholder": 17,
            "parent": 408,
            "position": 0,
            "language": "en",
            "plugin_type": "VideoPlayerPlugin",
            "creation_date": "2019-01-31T07:35:24.909Z",
            "changed_date": "2019-01-31T07:44:42.920Z"
        }
    },
    {
        "model": "cms.cmsplugin",
        "pk": 412,
        "fields": {
            "path": "001G0005",
            "depth": 2,
            "numchild": 3,
            "placeholder": 17,
            "parent": 328,
            "position": 6,
            "language": "en",
            "plugin_type": "Bootstrap4GridRowPlugin",
            "creation_date": "2019-01-31T07:45:33.056Z",
            "changed_date": "2019-01-31T07:55:18.302Z"
        }
    },
    {
        "model": "cms.cmsplugin",
        "pk": 413,
        "fields": {
            "path": "001G00050001",
            "depth": 3,
            "numchild": 2,
            "placeholder": 17,
            "parent": 412,
            "position": 0,
            "language": "en",
            "plugin_type": "Bootstrap4GridColumnPlugin",
            "creation_date": "2019-01-31T07:45:33.070Z",
            "changed_date": "2019-01-31T07:45:52.576Z"
        }
    },
    {
        "model": "cms.cmsplugin",
        "pk": 416,
        "fields": {
            "path": "001G000500010001",
            "depth": 4,
            "numchild": 0,
            "placeholder": 17,
            "parent": 413,
            "position": 0,
            "language": "en",
            "plugin_type": "SnippetPlugin",
            "creation_date": "2019-01-31T07:46:14.675Z",
            "changed_date": "2019-01-31T07:46:14.684Z"
        }
    },
    {
        "model": "cms.cmsplugin",
        "pk": 417,
        "fields": {
            "path": "001G000500010002",
            "depth": 4,
            "numchild": 0,
            "placeholder": 17,
            "parent": 413,
            "position": 1,
            "language": "en",
            "plugin_type": "TextPlugin",
            "creation_date": "2019-01-31T07:48:20.376Z",
            "changed_date": "2019-01-31T07:48:46.119Z"
        }
    },
    {
        "model": "cms.cmsplugin",
        "pk": 421,
        "fields": {
            "path": "001G00050002",
            "depth": 3,
            "numchild": 2,
            "placeholder": 17,
            "parent": 412,
            "position": 1,
            "language": "en",
            "plugin_type": "Bootstrap4GridColumnPlugin",
            "creation_date": "2019-01-31T07:45:33.070Z",
            "changed_date": "2019-01-31T07:49:42.656Z"
        }
    },
    {
        "model": "cms.cmsplugin",
        "pk": 422,
        "fields": {
            "path": "001G000500020001",
            "depth": 4,
            "numchild": 0,
            "placeholder": 17,
            "parent": 421,
            "position": 0,
            "language": "en",
            "plugin_type": "SnippetPlugin",
            "creation_date": "2019-01-31T07:46:14.675Z",
            "changed_date": "2019-01-31T07:50:10.536Z"
        }
    },
    {
        "model": "cms.cmsplugin",
        "pk": 423,
        "fields": {
            "path": "001G000500020002",
            "depth": 4,
            "numchild": 0,
            "placeholder": 17,
            "parent": 421,
            "position": 1,
            "language": "en",
            "plugin_type": "TextPlugin",
            "creation_date": "2019-01-31T07:48:20.376Z",
            "changed_date": "2019-01-31T07:50:43.450Z"
        }
    },
    {
        "model": "cms.cmsplugin",
        "pk": 424,
        "fields": {
            "path": "001G00050003",
            "depth": 3,
            "numchild": 2,
            "placeholder": 17,
            "parent": 412,
            "position": 2,
            "language": "en",
            "plugin_type": "Bootstrap4GridColumnPlugin",
            "creation_date": "2019-01-31T07:45:33.070Z",
            "changed_date": "2019-01-31T07:49:46.590Z"
        }
    },
    {
        "model": "cms.cmsplugin",
        "pk": 425,
        "fields": {
            "path": "001G000500030001",
            "depth": 4,
            "numchild": 0,
            "placeholder": 17,
            "parent": 424,
            "position": 0,
            "language": "en",
            "plugin_type": "SnippetPlugin",
            "creation_date": "2019-01-31T07:46:14.675Z",
            "changed_date": "2019-01-31T07:50:51.562Z"
        }
    },
    {
        "model": "cms.cmsplugin",
        "pk": 426,
        "fields": {
            "path": "001G000500030002",
            "depth": 4,
            "numchild": 0,
            "placeholder": 17,
            "parent": 424,
            "position": 2,
            "language": "en",
            "plugin_type": "TextPlugin",
            "creation_date": "2019-01-31T07:48:20.376Z",
            "changed_date": "2019-01-31T07:51:18.835Z"
        }
    },
    {
        "model": "cms.cmsplugin",
        "pk": 429,
        "fields": {
            "path": "001G000800010002",
            "depth": 4,
            "numchild": 0,
            "placeholder": 17,
            "parent": 434,
            "position": 0,
            "language": "en",
            "plugin_type": "Bootstrap4SpacingPlugin",
            "creation_date": "2019-01-31T07:51:57.428Z",
            "changed_date": "2019-01-31T07:55:35.665Z"
        }
    },
    {
        "model": "cms.cmsplugin",
        "pk": 431,
        "fields": {
            "path": "001G000800010001",
            "depth": 4,
            "numchild": 0,
            "placeholder": 17,
            "parent": 434,
            "position": 1,
            "language": "en",
            "plugin_type": "Bootstrap4SpacingPlugin",
            "creation_date": "2019-01-31T07:51:57.428Z",
            "changed_date": "2019-01-31T07:52:53.922Z"
        }
    },
    {
        "model": "cms.cmsplugin",
        "pk": 433,
        "fields": {
            "path": "001G0008",
            "depth": 2,
            "numchild": 1,
            "placeholder": 17,
            "parent": 328,
            "position": 5,
            "language": "en",
            "plugin_type": "Bootstrap4GridRowPlugin",
            "creation_date": "2019-01-31T07:56:35.238Z",
            "changed_date": "2019-01-31T07:56:35.246Z"
        }
    },
    {
        "model": "cms.cmsplugin",
        "pk": 434,
        "fields": {
            "path": "001G00080001",
            "depth": 3,
            "numchild": 2,
            "placeholder": 17,
            "parent": 433,
            "position": 0,
            "language": "en",
            "plugin_type": "Bootstrap4GridColumnPlugin",
            "creation_date": "2019-01-31T07:56:35.251Z",
            "changed_date": "2019-01-31T07:56:35.252Z"
        }
    },
    {
        "model": "cms.cmsplugin",
        "pk": 435,
        "fields": {
            "path": "001G0009",
            "depth": 2,
            "numchild": 1,
            "placeholder": 17,
            "parent": 328,
            "position": 7,
            "language": "en",
            "plugin_type": "Bootstrap4GridRowPlugin",
            "creation_date": "2019-01-31T07:57:15.210Z",
            "changed_date": "2019-01-31T07:57:15.216Z"
        }
    },
    {
        "model": "cms.cmsplugin",
        "pk": 436,
        "fields": {
            "path": "001G00090001",
            "depth": 3,
            "numchild": 1,
            "placeholder": 17,
            "parent": 435,
            "position": 0,
            "language": "en",
            "plugin_type": "Bootstrap4GridColumnPlugin",
            "creation_date": "2019-01-31T07:57:15.219Z",
            "changed_date": "2019-01-31T07:57:15.220Z"
        }
    },
    {
        "model": "cms.cmsplugin",
        "pk": 437,
        "fields": {
            "path": "001M",
            "depth": 1,
            "numchild": 0,
            "placeholder": 17,
            "parent": null,
            "position": 2,
            "language": "en",
            "plugin_type": "GoogleMapPlugin",
            "creation_date": "2019-01-31T07:57:44.197Z",
            "changed_date": "2019-01-31T07:58:44.466Z"
        }
    },
    {
        "model": "cms.cmsplugin",
        "pk": 493,
        "fields": {
            "path": "001G000900010001",
            "depth": 4,
            "numchild": 0,
            "placeholder": 17,
            "parent": 436,
            "position": 0,
            "language": "en",
            "plugin_type": "TextPlugin",
            "creation_date": "2019-01-31T08:02:12.658Z",
            "changed_date": "2019-01-31T08:18:13.198Z"
        }
    },
    {
        "model": "cms.cmsplugin",
        "pk": 494,
        "fields": {
            "path": "001U000100010002",
            "depth": 4,
            "numchild": 0,
            "placeholder": 17,
            "parent": 500,
            "position": 1,
            "language": "en",
            "plugin_type": "TextPlugin",
            "creation_date": "2019-01-31T08:04:01.823Z",
            "changed_date": "2019-01-31T08:17:52.299Z"
        }
    },
    {
        "model": "cms.cmsplugin",
        "pk": 496,
        "fields": {
            "path": "001U000100010001",
            "depth": 4,
            "numchild": 0,
            "placeholder": 17,
            "parent": 500,
            "position": 0,
            "language": "en",
            "plugin_type": "Bootstrap4SpacingPlugin",
            "creation_date": "2019-01-31T07:51:57.428Z",
            "changed_date": "2019-01-31T08:08:15.549Z"
        }
    },
    {
        "model": "cms.cmsplugin",
        "pk": 497,
        "fields": {
            "path": "001U000200010001",
            "depth": 4,
            "numchild": 0,
            "placeholder": 17,
            "parent": 502,
            "position": 0,
            "language": "en",
            "plugin_type": "Bootstrap4LinkPlugin",
            "creation_date": "2019-01-31T08:09:15.361Z",
            "changed_date": "2019-01-31T08:28:17.009Z"
        }
    },
    {
        "model": "cms.cmsplugin",
        "pk": 498,
        "fields": {
            "path": "001U",
            "depth": 1,
            "numchild": 2,
            "placeholder": 17,
            "parent": null,
            "position": 6,
            "language": "en",
            "plugin_type": "Bootstrap4GridContainerPlugin",
            "creation_date": "2019-01-31T08:10:29.140Z",
            "changed_date": "2019-01-31T08:10:29.145Z"
        }
    },
    {
        "model": "cms.cmsplugin",
        "pk": 499,
        "fields": {
            "path": "001U0001",
            "depth": 2,
            "numchild": 1,
            "placeholder": 17,
            "parent": 498,
            "position": 0,
            "language": "en",
            "plugin_type": "Bootstrap4GridRowPlugin",
            "creation_date": "2019-01-31T08:10:38.621Z",
            "changed_date": "2019-01-31T08:10:38.626Z"
        }
    },
    {
        "model": "cms.cmsplugin",
        "pk": 500,
        "fields": {
            "path": "001U00010001",
            "depth": 3,
            "numchild": 2,
            "placeholder": 17,
            "parent": 499,
            "position": 0,
            "language": "en",
            "plugin_type": "Bootstrap4GridColumnPlugin",
            "creation_date": "2019-01-31T08:10:38.628Z",
            "changed_date": "2019-01-31T08:10:38.630Z"
        }
    },
    {
        "model": "cms.cmsplugin",
        "pk": 501,
        "fields": {
            "path": "001U0002",
            "depth": 2,
            "numchild": 1,
            "placeholder": 17,
            "parent": 498,
            "position": 1,
            "language": "en",
            "plugin_type": "Bootstrap4GridRowPlugin",
            "creation_date": "2019-01-31T08:12:59.014Z",
            "changed_date": "2019-01-31T08:12:59.023Z"
        }
    },
    {
        "model": "cms.cmsplugin",
        "pk": 502,
        "fields": {
            "path": "001U00020001",
            "depth": 3,
            "numchild": 1,
            "placeholder": 17,
            "parent": 501,
            "position": 0,
            "language": "en",
            "plugin_type": "Bootstrap4GridColumnPlugin",
            "creation_date": "2019-01-31T08:12:59.026Z",
            "changed_date": "2019-01-31T08:14:37.966Z"
        }
    },
    {
        "model": "cms.cmsplugin",
        "pk": 507,
        "fields": {
            "path": "001G000A",
            "depth": 2,
            "numchild": 1,
            "placeholder": 17,
            "parent": 328,
            "position": 2,
            "language": "en",
            "plugin_type": "Bootstrap4GridRowPlugin",
            "creation_date": "2019-01-31T07:56:35.238Z",
            "changed_date": "2019-01-31T08:15:36.060Z"
        }
    },
    {
        "model": "cms.cmsplugin",
        "pk": 508,
        "fields": {
            "path": "001G000A0001",
            "depth": 3,
            "numchild": 2,
            "placeholder": 17,
            "parent": 507,
            "position": 0,
            "language": "en",
            "plugin_type": "Bootstrap4GridColumnPlugin",
            "creation_date": "2019-01-31T07:56:35.251Z",
            "changed_date": "2019-01-31T08:15:36.076Z"
        }
    },
    {
        "model": "cms.cmsplugin",
        "pk": 509,
        "fields": {
            "path": "001G000A00010001",
            "depth": 4,
            "numchild": 0,
            "placeholder": 17,
            "parent": 508,
            "position": 1,
            "language": "en",
            "plugin_type": "Bootstrap4SpacingPlugin",
            "creation_date": "2019-01-31T07:51:57.428Z",
            "changed_date": "2019-01-31T08:15:36.089Z"
        }
    },
    {
        "model": "cms.cmsplugin",
        "pk": 510,
        "fields": {
            "path": "001G000A00010002",
            "depth": 4,
            "numchild": 0,
            "placeholder": 17,
            "parent": 508,
            "position": 0,
            "language": "en",
            "plugin_type": "Bootstrap4SpacingPlugin",
            "creation_date": "2019-01-31T07:51:57.428Z",
            "changed_date": "2019-01-31T08:15:36.102Z"
        }
    },
    {
        "model": "cms.cmsplugin",
        "pk": 586,
        "fields": {
            "path": "0021",
            "depth": 1,
            "numchild": 0,
            "placeholder": 1,
            "parent": null,
            "position": 0,
            "language": "en",
            "plugin_type": "PlaceholderPlugin",
            "creation_date": "2019-01-31T08:25:45.426Z",
            "changed_date": "2019-01-31T08:25:45.432Z"
        }
    },
    {
        "model": "cms.cmsplugin",
        "pk": 587,
        "fields": {
            "path": "0022",
            "depth": 1,
            "numchild": 1,
            "placeholder": 19,
            "parent": null,
            "position": 1,
            "language": "en",
            "plugin_type": "Bootstrap4GridContainerPlugin",
            "creation_date": "2019-01-04T20:12:52.909Z",
            "changed_date": "2019-01-31T08:25:45.453Z"
        }
    },
    {
        "model": "cms.cmsplugin",
        "pk": 588,
        "fields": {
            "path": "00220001",
            "depth": 2,
            "numchild": 3,
            "placeholder": 19,
            "parent": 587,
            "position": 1,
            "language": "en",
            "plugin_type": "Bootstrap4GridRowPlugin",
            "creation_date": "2019-01-04T20:51:35.156Z",
            "changed_date": "2019-01-31T08:25:45.462Z"
        }
    },
    {
        "model": "cms.cmsplugin",
        "pk": 589,
        "fields": {
            "path": "002200010001",
            "depth": 3,
            "numchild": 0,
            "placeholder": 19,
            "parent": 588,
            "position": 0,
            "language": "en",
            "plugin_type": "Bootstrap4GridColumnPlugin",
            "creation_date": "2019-01-04T20:51:35.164Z",
            "changed_date": "2019-01-31T08:25:45.472Z"
        }
    },
    {
        "model": "cms.cmsplugin",
        "pk": 590,
        "fields": {
            "path": "002200010002",
            "depth": 3,
            "numchild": 1,
            "placeholder": 19,
            "parent": 588,
            "position": 1,
            "language": "en",
            "plugin_type": "Bootstrap4GridColumnPlugin",
            "creation_date": "2019-01-04T20:51:35.168Z",
            "changed_date": "2019-01-31T08:25:45.484Z"
        }
    },
    {
        "model": "cms.cmsplugin",
        "pk": 591,
        "fields": {
            "path": "0022000100020001",
            "depth": 4,
            "numchild": 1,
            "placeholder": 19,
            "parent": 590,
            "position": 0,
            "language": "en",
            "plugin_type": "Bootstrap4CardPlugin",
            "creation_date": "2019-01-04T20:47:49.181Z",
            "changed_date": "2019-01-31T08:25:45.495Z"
        }
    },
    {
        "model": "cms.cmsplugin",
        "pk": 592,
        "fields": {
            "path": "00220001000200010001",
            "depth": 5,
            "numchild": 0,
            "placeholder": 19,
            "parent": 591,
            "position": 0,
            "language": "en",
            "plugin_type": "Bootstrap4CardInnerPlugin",
            "creation_date": "2019-01-04T20:48:04.956Z",
            "changed_date": "2019-01-31T08:25:45.504Z"
        }
    },
    {
        "model": "cms.cmsplugin",
        "pk": 593,
        "fields": {
            "path": "002200010003",
            "depth": 3,
            "numchild": 0,
            "placeholder": 19,
            "parent": 588,
            "position": 2,
            "language": "en",
            "plugin_type": "Bootstrap4GridColumnPlugin",
            "creation_date": "2019-01-04T20:51:35.173Z",
            "changed_date": "2019-01-31T08:25:45.515Z"
        }
    },
    {
        "model": "cms.cmsplugin",
        "pk": 594,
        "fields": {
            "path": "0023",
            "depth": 1,
            "numchild": 1,
            "placeholder": 20,
            "parent": null,
            "position": 0,
            "language": "en",
            "plugin_type": "Bootstrap4GridContainerPlugin",
            "creation_date": "2019-01-04T20:12:52.909Z",
            "changed_date": "2019-01-31T08:26:07.394Z"
        }
    },
    {
        "model": "cms.cmsplugin",
        "pk": 595,
        "fields": {
            "path": "00230001",
            "depth": 2,
            "numchild": 3,
            "placeholder": 20,
            "parent": 594,
            "position": 1,
            "language": "en",
            "plugin_type": "Bootstrap4GridRowPlugin",
            "creation_date": "2019-01-04T20:51:35.156Z",
            "changed_date": "2019-01-31T08:26:07.406Z"
        }
    },
    {
        "model": "cms.cmsplugin",
        "pk": 596,
        "fields": {
            "path": "002300010001",
            "depth": 3,
            "numchild": 0,
            "placeholder": 20,
            "parent": 595,
            "position": 0,
            "language": "en",
            "plugin_type": "Bootstrap4GridColumnPlugin",
            "creation_date": "2019-01-04T20:51:35.164Z",
            "changed_date": "2019-01-31T08:26:07.417Z"
        }
    },
    {
        "model": "cms.cmsplugin",
        "pk": 597,
        "fields": {
            "path": "002300010002",
            "depth": 3,
            "numchild": 1,
            "placeholder": 20,
            "parent": 595,
            "position": 1,
            "language": "en",
            "plugin_type": "Bootstrap4GridColumnPlugin",
            "creation_date": "2019-01-04T20:51:35.168Z",
            "changed_date": "2019-01-31T08:26:07.429Z"
        }
    },
    {
        "model": "cms.cmsplugin",
        "pk": 598,
        "fields": {
            "path": "0023000100020001",
            "depth": 4,
            "numchild": 1,
            "placeholder": 20,
            "parent": 597,
            "position": 0,
            "language": "en",
            "plugin_type": "Bootstrap4CardPlugin",
            "creation_date": "2019-01-04T20:47:49.181Z",
            "changed_date": "2019-01-31T08:26:07.440Z"
        }
    },
    {
        "model": "cms.cmsplugin",
        "pk": 599,
        "fields": {
            "path": "00230001000200010001",
            "depth": 5,
            "numchild": 1,
            "placeholder": 20,
            "parent": 598,
            "position": 0,
            "language": "en",
            "plugin_type": "Bootstrap4CardInnerPlugin",
            "creation_date": "2019-01-04T20:48:04.956Z",
            "changed_date": "2019-01-31T08:26:07.451Z"
        }
    },
    {
        "model": "cms.cmsplugin",
        "pk": 600,
        "fields": {
            "path": "002300010003",
            "depth": 3,
            "numchild": 0,
            "placeholder": 20,
            "parent": 595,
            "position": 2,
            "language": "en",
            "plugin_type": "Bootstrap4GridColumnPlugin",
            "creation_date": "2019-01-04T20:51:35.173Z",
            "changed_date": "2019-01-31T08:26:07.462Z"
        }
    },
    {
        "model": "cms.cmsplugin",
        "pk": 601,
        "fields": {
            "path": "002300010002000100010001",
            "depth": 6,
            "numchild": 0,
            "placeholder": 20,
            "parent": 599,
            "position": 0,
            "language": "en",
            "plugin_type": "FormPlugin",
            "creation_date": "2019-01-31T08:27:07.333Z",
            "changed_date": "2019-01-31T08:27:50.862Z"
        }
    },
    {
        "model": "cms.cmsplugin",
        "pk": 610,
        "fields": {
            "path": "0025",
            "depth": 1,
            "numchild": 3,
            "placeholder": 18,
            "parent": null,
            "position": 0,
            "language": "en",
            "plugin_type": "Bootstrap4CarouselPlugin",
            "creation_date": "2019-01-31T06:57:06.460Z",
            "changed_date": "2019-01-31T08:28:20.986Z"
        }
    },
    {
        "model": "cms.cmsplugin",
        "pk": 611,
        "fields": {
            "path": "00250001",
            "depth": 2,
            "numchild": 0,
            "placeholder": 18,
            "parent": 610,
            "position": 0,
            "language": "en",
            "plugin_type": "Bootstrap4CarouselSlidePlugin",
            "creation_date": "2019-01-31T06:59:01.079Z",
            "changed_date": "2019-01-31T08:28:20.999Z"
        }
    },
    {
        "model": "cms.cmsplugin",
        "pk": 612,
        "fields": {
            "path": "00250002",
            "depth": 2,
            "numchild": 0,
            "placeholder": 18,
            "parent": 610,
            "position": 1,
            "language": "en",
            "plugin_type": "Bootstrap4CarouselSlidePlugin",
            "creation_date": "2019-01-31T07:04:17.461Z",
            "changed_date": "2019-01-31T08:28:21.011Z"
        }
    },
    {
        "model": "cms.cmsplugin",
        "pk": 613,
        "fields": {
            "path": "00250003",
            "depth": 2,
            "numchild": 0,
            "placeholder": 18,
            "parent": 610,
            "position": 2,
            "language": "en",
            "plugin_type": "Bootstrap4CarouselSlidePlugin",
            "creation_date": "2019-01-31T07:08:23.802Z",
            "changed_date": "2019-01-31T08:28:21.023Z"
        }
    },
    {
        "model": "cms.cmsplugin",
        "pk": 614,
        "fields": {
            "path": "0026",
            "depth": 1,
            "numchild": 8,
            "placeholder": 18,
            "parent": null,
            "position": 1,
            "language": "en",
            "plugin_type": "Bootstrap4GridContainerPlugin",
            "creation_date": "2019-01-31T07:09:55.172Z",
            "changed_date": "2019-01-31T08:28:21.033Z"
        }
    },
    {
        "model": "cms.cmsplugin",
        "pk": 615,
        "fields": {
            "path": "00260001",
            "depth": 2,
            "numchild": 1,
            "placeholder": 18,
            "parent": 614,
            "position": 0,
            "language": "en",
            "plugin_type": "Bootstrap4GridRowPlugin",
            "creation_date": "2019-01-31T07:10:39.551Z",
            "changed_date": "2019-01-31T08:28:21.044Z"
        }
    },
    {
        "model": "cms.cmsplugin",
        "pk": 616,
        "fields": {
            "path": "002600010001",
            "depth": 3,
            "numchild": 1,
            "placeholder": 18,
            "parent": 615,
            "position": 0,
            "language": "en",
            "plugin_type": "Bootstrap4GridColumnPlugin",
            "creation_date": "2019-01-31T07:10:39.558Z",
            "changed_date": "2019-01-31T08:28:21.053Z"
        }
    },
    {
        "model": "cms.cmsplugin",
        "pk": 617,
        "fields": {
            "path": "0026000100010001",
            "depth": 4,
            "numchild": 0,
            "placeholder": 18,
            "parent": 616,
            "position": 0,
            "language": "en",
            "plugin_type": "TextPlugin",
            "creation_date": "2019-01-31T07:13:25.915Z",
            "changed_date": "2019-01-31T08:28:21.782Z"
        }
    },
    {
        "model": "cms.cmsplugin",
        "pk": 618,
        "fields": {
            "path": "00260002",
            "depth": 2,
            "numchild": 3,
            "placeholder": 18,
            "parent": 614,
            "position": 1,
            "language": "en",
            "plugin_type": "Bootstrap4GridRowPlugin",
            "creation_date": "2019-01-31T07:14:50.376Z",
            "changed_date": "2019-01-31T08:28:21.078Z"
        }
    },
    {
        "model": "cms.cmsplugin",
        "pk": 619,
        "fields": {
            "path": "002600020001",
            "depth": 3,
            "numchild": 1,
            "placeholder": 18,
            "parent": 618,
            "position": 0,
            "language": "en",
            "plugin_type": "Bootstrap4GridColumnPlugin",
            "creation_date": "2019-01-31T07:14:50.386Z",
            "changed_date": "2019-01-31T08:28:21.090Z"
        }
    },
    {
        "model": "cms.cmsplugin",
        "pk": 620,
        "fields": {
            "path": "0026000200010001",
            "depth": 4,
            "numchild": 2,
            "placeholder": 18,
            "parent": 619,
            "position": 0,
            "language": "en",
            "plugin_type": "Bootstrap4CardPlugin",
            "creation_date": "2019-01-31T07:16:25.988Z",
            "changed_date": "2019-01-31T08:28:21.101Z"
        }
    },
    {
        "model": "cms.cmsplugin",
        "pk": 621,
        "fields": {
            "path": "00260002000100010001",
            "depth": 5,
            "numchild": 2,
            "placeholder": 18,
            "parent": 620,
            "position": 0,
            "language": "en",
            "plugin_type": "Bootstrap4CardInnerPlugin",
            "creation_date": "2019-01-31T07:16:58.537Z",
            "changed_date": "2019-01-31T08:28:21.112Z"
        }
    },
    {
        "model": "cms.cmsplugin",
        "pk": 622,
        "fields": {
            "path": "002600020001000100010001",
            "depth": 6,
            "numchild": 0,
            "placeholder": 18,
            "parent": 621,
            "position": 0,
            "language": "en",
            "plugin_type": "Bootstrap4PicturePlugin",
            "creation_date": "2019-01-31T07:18:13.395Z",
            "changed_date": "2019-01-31T08:28:21.121Z"
        }
    },
    {
        "model": "cms.cmsplugin",
        "pk": 623,
        "fields": {
            "path": "002600020001000100010002",
            "depth": 6,
            "numchild": 0,
            "placeholder": 18,
            "parent": 621,
            "position": 1,
            "language": "en",
            "plugin_type": "TextPlugin",
            "creation_date": "2019-01-31T07:18:22.400Z",
            "changed_date": "2019-01-31T08:28:21.798Z"
        }
    },
    {
        "model": "cms.cmsplugin",
        "pk": 624,
        "fields": {
            "path": "00260002000100010002",
            "depth": 5,
            "numchild": 1,
            "placeholder": 18,
            "parent": 620,
            "position": 1,
            "language": "en",
            "plugin_type": "Bootstrap4CardInnerPlugin",
            "creation_date": "2019-01-31T07:19:52.017Z",
            "changed_date": "2019-01-31T08:28:21.151Z"
        }
    },
    {
        "model": "cms.cmsplugin",
        "pk": 625,
        "fields": {
            "path": "002600020001000100020001",
            "depth": 6,
            "numchild": 0,
            "placeholder": 18,
            "parent": 624,
            "position": 0,
            "language": "en",
            "plugin_type": "Bootstrap4LinkPlugin",
            "creation_date": "2019-01-31T07:20:56.793Z",
            "changed_date": "2019-01-31T08:28:21.162Z"
        }
    },
    {
        "model": "cms.cmsplugin",
        "pk": 626,
        "fields": {
            "path": "002600020002",
            "depth": 3,
            "numchild": 1,
            "placeholder": 18,
            "parent": 618,
            "position": 1,
            "language": "en",
            "plugin_type": "Bootstrap4GridColumnPlugin",
            "creation_date": "2019-01-31T07:14:50.386Z",
            "changed_date": "2019-01-31T08:28:21.175Z"
        }
    },
    {
        "model": "cms.cmsplugin",
        "pk": 627,
        "fields": {
            "path": "0026000200020001",
            "depth": 4,
            "numchild": 2,
            "placeholder": 18,
            "parent": 626,
            "position": 0,
            "language": "en",
            "plugin_type": "Bootstrap4CardPlugin",
            "creation_date": "2019-01-31T07:16:25.988Z",
            "changed_date": "2019-01-31T08:28:21.185Z"
        }
    },
    {
        "model": "cms.cmsplugin",
        "pk": 628,
        "fields": {
            "path": "00260002000200010001",
            "depth": 5,
            "numchild": 2,
            "placeholder": 18,
            "parent": 627,
            "position": 0,
            "language": "en",
            "plugin_type": "Bootstrap4CardInnerPlugin",
            "creation_date": "2019-01-31T07:16:58.537Z",
            "changed_date": "2019-01-31T08:28:21.196Z"
        }
    },
    {
        "model": "cms.cmsplugin",
        "pk": 629,
        "fields": {
            "path": "002600020002000100010001",
            "depth": 6,
            "numchild": 0,
            "placeholder": 18,
            "parent": 628,
            "position": 0,
            "language": "en",
            "plugin_type": "Bootstrap4PicturePlugin",
            "creation_date": "2019-01-31T07:18:13.395Z",
            "changed_date": "2019-01-31T08:28:21.204Z"
        }
    },
    {
        "model": "cms.cmsplugin",
        "pk": 630,
        "fields": {
            "path": "002600020002000100010002",
            "depth": 6,
            "numchild": 0,
            "placeholder": 18,
            "parent": 628,
            "position": 1,
            "language": "en",
            "plugin_type": "TextPlugin",
            "creation_date": "2019-01-31T07:18:22.400Z",
            "changed_date": "2019-01-31T08:28:21.816Z"
        }
    },
    {
        "model": "cms.cmsplugin",
        "pk": 631,
        "fields": {
            "path": "00260002000200010002",
            "depth": 5,
            "numchild": 1,
            "placeholder": 18,
            "parent": 627,
            "position": 1,
            "language": "en",
            "plugin_type": "Bootstrap4CardInnerPlugin",
            "creation_date": "2019-01-31T07:19:52.017Z",
            "changed_date": "2019-01-31T08:28:21.233Z"
        }
    },
    {
        "model": "cms.cmsplugin",
        "pk": 632,
        "fields": {
            "path": "002600020002000100020001",
            "depth": 6,
            "numchild": 0,
            "placeholder": 18,
            "parent": 631,
            "position": 0,
            "language": "en",
            "plugin_type": "Bootstrap4LinkPlugin",
            "creation_date": "2019-01-31T07:20:56.793Z",
            "changed_date": "2019-01-31T08:28:21.244Z"
        }
    },
    {
        "model": "cms.cmsplugin",
        "pk": 633,
        "fields": {
            "path": "002600020003",
            "depth": 3,
            "numchild": 1,
            "placeholder": 18,
            "parent": 618,
            "position": 2,
            "language": "en",
            "plugin_type": "Bootstrap4GridColumnPlugin",
            "creation_date": "2019-01-31T07:14:50.386Z",
            "changed_date": "2019-01-31T08:28:21.255Z"
        }
    },
    {
        "model": "cms.cmsplugin",
        "pk": 634,
        "fields": {
            "path": "0026000200030001",
            "depth": 4,
            "numchild": 2,
            "placeholder": 18,
            "parent": 633,
            "position": 0,
            "language": "en",
            "plugin_type": "Bootstrap4CardPlugin",
            "creation_date": "2019-01-31T07:16:25.988Z",
            "changed_date": "2019-01-31T08:28:21.266Z"
        }
    },
    {
        "model": "cms.cmsplugin",
        "pk": 635,
        "fields": {
            "path": "00260002000300010001",
            "depth": 5,
            "numchild": 2,
            "placeholder": 18,
            "parent": 634,
            "position": 0,
            "language": "en",
            "plugin_type": "Bootstrap4CardInnerPlugin",
            "creation_date": "2019-01-31T07:16:58.537Z",
            "changed_date": "2019-01-31T08:28:21.277Z"
        }
    },
    {
        "model": "cms.cmsplugin",
        "pk": 636,
        "fields": {
            "path": "002600020003000100010001",
            "depth": 6,
            "numchild": 0,
            "placeholder": 18,
            "parent": 635,
            "position": 0,
            "language": "en",
            "plugin_type": "Bootstrap4PicturePlugin",
            "creation_date": "2019-01-31T07:18:13.395Z",
            "changed_date": "2019-01-31T08:28:21.287Z"
        }
    },
    {
        "model": "cms.cmsplugin",
        "pk": 637,
        "fields": {
            "path": "002600020003000100010002",
            "depth": 6,
            "numchild": 0,
            "placeholder": 18,
            "parent": 635,
            "position": 1,
            "language": "en",
            "plugin_type": "TextPlugin",
            "creation_date": "2019-01-31T07:18:22.400Z",
            "changed_date": "2019-01-31T08:28:21.833Z"
        }
    },
    {
        "model": "cms.cmsplugin",
        "pk": 638,
        "fields": {
            "path": "00260002000300010002",
            "depth": 5,
            "numchild": 1,
            "placeholder": 18,
            "parent": 634,
            "position": 1,
            "language": "en",
            "plugin_type": "Bootstrap4CardInnerPlugin",
            "creation_date": "2019-01-31T07:19:52.017Z",
            "changed_date": "2019-01-31T08:28:21.315Z"
        }
    },
    {
        "model": "cms.cmsplugin",
        "pk": 639,
        "fields": {
            "path": "002600020003000100020001",
            "depth": 6,
            "numchild": 0,
            "placeholder": 18,
            "parent": 638,
            "position": 0,
            "language": "en",
            "plugin_type": "Bootstrap4LinkPlugin",
            "creation_date": "2019-01-31T07:20:56.793Z",
            "changed_date": "2019-01-31T08:28:21.326Z"
        }
    },
    {
        "model": "cms.cmsplugin",
        "pk": 640,
        "fields": {
            "path": "00260003",
            "depth": 2,
            "numchild": 1,
            "placeholder": 18,
            "parent": 614,
            "position": 3,
            "language": "en",
            "plugin_type": "Bootstrap4GridRowPlugin",
            "creation_date": "2019-01-31T07:10:39.551Z",
            "changed_date": "2019-01-31T08:28:21.337Z"
        }
    },
    {
        "model": "cms.cmsplugin",
        "pk": 641,
        "fields": {
            "path": "002600030001",
            "depth": 3,
            "numchild": 1,
            "placeholder": 18,
            "parent": 640,
            "position": 0,
            "language": "en",
            "plugin_type": "Bootstrap4GridColumnPlugin",
            "creation_date": "2019-01-31T07:10:39.558Z",
            "changed_date": "2019-01-31T08:28:21.349Z"
        }
    },
    {
        "model": "cms.cmsplugin",
        "pk": 642,
        "fields": {
            "path": "0026000300010001",
            "depth": 4,
            "numchild": 0,
            "placeholder": 18,
            "parent": 641,
            "position": 0,
            "language": "en",
            "plugin_type": "TextPlugin",
            "creation_date": "2019-01-31T07:13:25.915Z",
            "changed_date": "2019-01-31T08:28:21.847Z"
        }
    },
    {
        "model": "cms.cmsplugin",
        "pk": 643,
        "fields": {
            "path": "00260004",
            "depth": 2,
            "numchild": 2,
            "placeholder": 18,
            "parent": 614,
            "position": 4,
            "language": "en",
            "plugin_type": "Bootstrap4GridRowPlugin",
            "creation_date": "2019-01-31T07:34:29.050Z",
            "changed_date": "2019-01-31T08:28:21.375Z"
        }
    },
    {
        "model": "cms.cmsplugin",
        "pk": 644,
        "fields": {
            "path": "002600040001",
            "depth": 3,
            "numchild": 1,
            "placeholder": 18,
            "parent": 643,
            "position": 0,
            "language": "en",
            "plugin_type": "Bootstrap4GridColumnPlugin",
            "creation_date": "2019-01-31T07:34:29.085Z",
            "changed_date": "2019-01-31T08:28:21.385Z"
        }
    },
    {
        "model": "cms.cmsplugin",
        "pk": 645,
        "fields": {
            "path": "0026000400010001",
            "depth": 4,
            "numchild": 0,
            "placeholder": 18,
            "parent": 644,
            "position": 0,
            "language": "en",
            "plugin_type": "VideoPlayerPlugin",
            "creation_date": "2019-01-31T07:35:24.909Z",
            "changed_date": "2019-01-31T08:28:21.397Z"
        }
    },
    {
        "model": "cms.cmsplugin",
        "pk": 646,
        "fields": {
            "path": "002600040002",
            "depth": 3,
            "numchild": 1,
            "placeholder": 18,
            "parent": 643,
            "position": 1,
            "language": "en",
            "plugin_type": "Bootstrap4GridColumnPlugin",
            "creation_date": "2019-01-31T07:34:29.085Z",
            "changed_date": "2019-01-31T08:28:21.410Z"
        }
    },
    {
        "model": "cms.cmsplugin",
        "pk": 647,
        "fields": {
            "path": "0026000400020001",
            "depth": 4,
            "numchild": 0,
            "placeholder": 18,
            "parent": 646,
            "position": 0,
            "language": "en",
            "plugin_type": "VideoPlayerPlugin",
            "creation_date": "2019-01-31T07:35:24.909Z",
            "changed_date": "2019-01-31T08:28:21.420Z"
        }
    },
    {
        "model": "cms.cmsplugin",
        "pk": 648,
        "fields": {
            "path": "00260005",
            "depth": 2,
            "numchild": 3,
            "placeholder": 18,
            "parent": 614,
            "position": 6,
            "language": "en",
            "plugin_type": "Bootstrap4GridRowPlugin",
            "creation_date": "2019-01-31T07:45:33.056Z",
            "changed_date": "2019-01-31T08:28:21.432Z"
        }
    },
    {
        "model": "cms.cmsplugin",
        "pk": 649,
        "fields": {
            "path": "002600050001",
            "depth": 3,
            "numchild": 2,
            "placeholder": 18,
            "parent": 648,
            "position": 0,
            "language": "en",
            "plugin_type": "Bootstrap4GridColumnPlugin",
            "creation_date": "2019-01-31T07:45:33.070Z",
            "changed_date": "2019-01-31T08:28:21.443Z"
        }
    },
    {
        "model": "cms.cmsplugin",
        "pk": 650,
        "fields": {
            "path": "0026000500010001",
            "depth": 4,
            "numchild": 0,
            "placeholder": 18,
            "parent": 649,
            "position": 0,
            "language": "en",
            "plugin_type": "SnippetPlugin",
            "creation_date": "2019-01-31T07:46:14.675Z",
            "changed_date": "2019-01-31T08:28:21.453Z"
        }
    },
    {
        "model": "cms.cmsplugin",
        "pk": 651,
        "fields": {
            "path": "0026000500010002",
            "depth": 4,
            "numchild": 0,
            "placeholder": 18,
            "parent": 649,
            "position": 1,
            "language": "en",
            "plugin_type": "TextPlugin",
            "creation_date": "2019-01-31T07:48:20.376Z",
            "changed_date": "2019-01-31T08:28:21.867Z"
        }
    },
    {
        "model": "cms.cmsplugin",
        "pk": 652,
        "fields": {
            "path": "002600050002",
            "depth": 3,
            "numchild": 2,
            "placeholder": 18,
            "parent": 648,
            "position": 1,
            "language": "en",
            "plugin_type": "Bootstrap4GridColumnPlugin",
            "creation_date": "2019-01-31T07:45:33.070Z",
            "changed_date": "2019-01-31T08:28:21.479Z"
        }
    },
    {
        "model": "cms.cmsplugin",
        "pk": 653,
        "fields": {
            "path": "0026000500020001",
            "depth": 4,
            "numchild": 0,
            "placeholder": 18,
            "parent": 652,
            "position": 0,
            "language": "en",
            "plugin_type": "SnippetPlugin",
            "creation_date": "2019-01-31T07:46:14.675Z",
            "changed_date": "2019-01-31T08:28:21.488Z"
        }
    },
    {
        "model": "cms.cmsplugin",
        "pk": 654,
        "fields": {
            "path": "0026000500020002",
            "depth": 4,
            "numchild": 0,
            "placeholder": 18,
            "parent": 652,
            "position": 1,
            "language": "en",
            "plugin_type": "TextPlugin",
            "creation_date": "2019-01-31T07:48:20.376Z",
            "changed_date": "2019-01-31T08:28:21.879Z"
        }
    },
    {
        "model": "cms.cmsplugin",
        "pk": 655,
        "fields": {
            "path": "002600050003",
            "depth": 3,
            "numchild": 2,
            "placeholder": 18,
            "parent": 648,
            "position": 2,
            "language": "en",
            "plugin_type": "Bootstrap4GridColumnPlugin",
            "creation_date": "2019-01-31T07:45:33.070Z",
            "changed_date": "2019-01-31T08:28:21.514Z"
        }
    },
    {
        "model": "cms.cmsplugin",
        "pk": 656,
        "fields": {
            "path": "0026000500030001",
            "depth": 4,
            "numchild": 0,
            "placeholder": 18,
            "parent": 655,
            "position": 0,
            "language": "en",
            "plugin_type": "SnippetPlugin",
            "creation_date": "2019-01-31T07:46:14.675Z",
            "changed_date": "2019-01-31T08:28:21.525Z"
        }
    },
    {
        "model": "cms.cmsplugin",
        "pk": 657,
        "fields": {
            "path": "0026000500030002",
            "depth": 4,
            "numchild": 0,
            "placeholder": 18,
            "parent": 655,
            "position": 2,
            "language": "en",
            "plugin_type": "TextPlugin",
            "creation_date": "2019-01-31T07:48:20.376Z",
            "changed_date": "2019-01-31T08:28:21.889Z"
        }
    },
    {
        "model": "cms.cmsplugin",
        "pk": 658,
        "fields": {
            "path": "00260006",
            "depth": 2,
            "numchild": 1,
            "placeholder": 18,
            "parent": 614,
            "position": 5,
            "language": "en",
            "plugin_type": "Bootstrap4GridRowPlugin",
            "creation_date": "2019-01-31T07:56:35.238Z",
            "changed_date": "2019-01-31T08:28:21.549Z"
        }
    },
    {
        "model": "cms.cmsplugin",
        "pk": 659,
        "fields": {
            "path": "002600060001",
            "depth": 3,
            "numchild": 2,
            "placeholder": 18,
            "parent": 658,
            "position": 0,
            "language": "en",
            "plugin_type": "Bootstrap4GridColumnPlugin",
            "creation_date": "2019-01-31T07:56:35.251Z",
            "changed_date": "2019-01-31T08:28:21.560Z"
        }
    },
    {
        "model": "cms.cmsplugin",
        "pk": 660,
        "fields": {
            "path": "0026000600010001",
            "depth": 4,
            "numchild": 0,
            "placeholder": 18,
            "parent": 659,
            "position": 1,
            "language": "en",
            "plugin_type": "Bootstrap4SpacingPlugin",
            "creation_date": "2019-01-31T07:51:57.428Z",
            "changed_date": "2019-01-31T08:28:21.570Z"
        }
    },
    {
        "model": "cms.cmsplugin",
        "pk": 661,
        "fields": {
            "path": "0026000600010002",
            "depth": 4,
            "numchild": 0,
            "placeholder": 18,
            "parent": 659,
            "position": 0,
            "language": "en",
            "plugin_type": "Bootstrap4SpacingPlugin",
            "creation_date": "2019-01-31T07:51:57.428Z",
            "changed_date": "2019-01-31T08:28:21.582Z"
        }
    },
    {
        "model": "cms.cmsplugin",
        "pk": 662,
        "fields": {
            "path": "00260007",
            "depth": 2,
            "numchild": 1,
            "placeholder": 18,
            "parent": 614,
            "position": 7,
            "language": "en",
            "plugin_type": "Bootstrap4GridRowPlugin",
            "creation_date": "2019-01-31T07:57:15.210Z",
            "changed_date": "2019-01-31T08:28:21.594Z"
        }
    },
    {
        "model": "cms.cmsplugin",
        "pk": 663,
        "fields": {
            "path": "002600070001",
            "depth": 3,
            "numchild": 1,
            "placeholder": 18,
            "parent": 662,
            "position": 0,
            "language": "en",
            "plugin_type": "Bootstrap4GridColumnPlugin",
            "creation_date": "2019-01-31T07:57:15.219Z",
            "changed_date": "2019-01-31T08:28:21.603Z"
        }
    },
    {
        "model": "cms.cmsplugin",
        "pk": 664,
        "fields": {
            "path": "0026000700010001",
            "depth": 4,
            "numchild": 0,
            "placeholder": 18,
            "parent": 663,
            "position": 0,
            "language": "en",
            "plugin_type": "TextPlugin",
            "creation_date": "2019-01-31T08:02:12.658Z",
            "changed_date": "2019-01-31T08:28:21.906Z"
        }
    },
    {
        "model": "cms.cmsplugin",
        "pk": 665,
        "fields": {
            "path": "00260008",
            "depth": 2,
            "numchild": 1,
            "placeholder": 18,
            "parent": 614,
            "position": 2,
            "language": "en",
            "plugin_type": "Bootstrap4GridRowPlugin",
            "creation_date": "2019-01-31T07:56:35.238Z",
            "changed_date": "2019-01-31T08:28:21.632Z"
        }
    },
    {
        "model": "cms.cmsplugin",
        "pk": 666,
        "fields": {
            "path": "002600080001",
            "depth": 3,
            "numchild": 2,
            "placeholder": 18,
            "parent": 665,
            "position": 0,
            "language": "en",
            "plugin_type": "Bootstrap4GridColumnPlugin",
            "creation_date": "2019-01-31T07:56:35.251Z",
            "changed_date": "2019-01-31T08:28:21.644Z"
        }
    },
    {
        "model": "cms.cmsplugin",
        "pk": 667,
        "fields": {
            "path": "0026000800010001",
            "depth": 4,
            "numchild": 0,
            "placeholder": 18,
            "parent": 666,
            "position": 1,
            "language": "en",
            "plugin_type": "Bootstrap4SpacingPlugin",
            "creation_date": "2019-01-31T07:51:57.428Z",
            "changed_date": "2019-01-31T08:28:21.653Z"
        }
    },
    {
        "model": "cms.cmsplugin",
        "pk": 668,
        "fields": {
            "path": "0026000800010002",
            "depth": 4,
            "numchild": 0,
            "placeholder": 18,
            "parent": 666,
            "position": 0,
            "language": "en",
            "plugin_type": "Bootstrap4SpacingPlugin",
            "creation_date": "2019-01-31T07:51:57.428Z",
            "changed_date": "2019-01-31T08:28:21.666Z"
        }
    },
    {
        "model": "cms.cmsplugin",
        "pk": 669,
        "fields": {
            "path": "0027",
            "depth": 1,
            "numchild": 0,
            "placeholder": 18,
            "parent": null,
            "position": 2,
            "language": "en",
            "plugin_type": "GoogleMapPlugin",
            "creation_date": "2019-01-31T07:57:44.197Z",
            "changed_date": "2019-01-31T08:28:21.676Z"
        }
    },
    {
        "model": "cms.cmsplugin",
        "pk": 670,
        "fields": {
            "path": "0028",
            "depth": 1,
            "numchild": 2,
            "placeholder": 18,
            "parent": null,
            "position": 6,
            "language": "en",
            "plugin_type": "Bootstrap4GridContainerPlugin",
            "creation_date": "2019-01-31T08:10:29.140Z",
            "changed_date": "2019-01-31T08:28:21.686Z"
        }
    },
    {
        "model": "cms.cmsplugin",
        "pk": 671,
        "fields": {
            "path": "00280001",
            "depth": 2,
            "numchild": 1,
            "placeholder": 18,
            "parent": 670,
            "position": 0,
            "language": "en",
            "plugin_type": "Bootstrap4GridRowPlugin",
            "creation_date": "2019-01-31T08:10:38.621Z",
            "changed_date": "2019-01-31T08:28:21.697Z"
        }
    },
    {
        "model": "cms.cmsplugin",
        "pk": 672,
        "fields": {
            "path": "002800010001",
            "depth": 3,
            "numchild": 2,
            "placeholder": 18,
            "parent": 671,
            "position": 0,
            "language": "en",
            "plugin_type": "Bootstrap4GridColumnPlugin",
            "creation_date": "2019-01-31T08:10:38.628Z",
            "changed_date": "2019-01-31T08:28:21.707Z"
        }
    },
    {
        "model": "cms.cmsplugin",
        "pk": 673,
        "fields": {
            "path": "0028000100010001",
            "depth": 4,
            "numchild": 0,
            "placeholder": 18,
            "parent": 672,
            "position": 0,
            "language": "en",
            "plugin_type": "Bootstrap4SpacingPlugin",
            "creation_date": "2019-01-31T07:51:57.428Z",
            "changed_date": "2019-01-31T08:28:21.717Z"
        }
    },
    {
        "model": "cms.cmsplugin",
        "pk": 674,
        "fields": {
            "path": "0028000100010002",
            "depth": 4,
            "numchild": 0,
            "placeholder": 18,
            "parent": 672,
            "position": 1,
            "language": "en",
            "plugin_type": "TextPlugin",
            "creation_date": "2019-01-31T08:04:01.823Z",
            "changed_date": "2019-01-31T08:28:21.929Z"
        }
    },
    {
        "model": "cms.cmsplugin",
        "pk": 675,
        "fields": {
            "path": "00280002",
            "depth": 2,
            "numchild": 1,
            "placeholder": 18,
            "parent": 670,
            "position": 1,
            "language": "en",
            "plugin_type": "Bootstrap4GridRowPlugin",
            "creation_date": "2019-01-31T08:12:59.014Z",
            "changed_date": "2019-01-31T08:28:21.743Z"
        }
    },
    {
        "model": "cms.cmsplugin",
        "pk": 676,
        "fields": {
            "path": "002800020001",
            "depth": 3,
            "numchild": 1,
            "placeholder": 18,
            "parent": 675,
            "position": 0,
            "language": "en",
            "plugin_type": "Bootstrap4GridColumnPlugin",
            "creation_date": "2019-01-31T08:12:59.026Z",
            "changed_date": "2019-01-31T08:28:21.753Z"
        }
    },
    {
        "model": "cms.cmsplugin",
        "pk": 677,
        "fields": {
            "path": "0028000200010001",
            "depth": 4,
            "numchild": 0,
            "placeholder": 18,
            "parent": 676,
            "position": 0,
            "language": "en",
            "plugin_type": "Bootstrap4LinkPlugin",
            "creation_date": "2019-01-31T08:09:15.361Z",
            "changed_date": "2019-01-31T08:28:21.764Z"
        }
    },
    {
        "model": "cms.cmsplugin",
        "pk": 678,
        "fields": {
            "path": "0029",
            "depth": 1,
            "numchild": 1,
            "placeholder": 21,
            "parent": null,
            "position": 0,
            "language": "en",
            "plugin_type": "Bootstrap4GridContainerPlugin",
            "creation_date": "2019-01-04T20:12:52.909Z",
            "changed_date": "2019-01-31T08:29:18.467Z"
        }
    },
    {
        "model": "cms.cmsplugin",
        "pk": 679,
        "fields": {
            "path": "00290001",
            "depth": 2,
            "numchild": 3,
            "placeholder": 21,
            "parent": 678,
            "position": 1,
            "language": "en",
            "plugin_type": "Bootstrap4GridRowPlugin",
            "creation_date": "2019-01-04T20:51:35.156Z",
            "changed_date": "2019-01-31T08:29:18.501Z"
        }
    },
    {
        "model": "cms.cmsplugin",
        "pk": 680,
        "fields": {
            "path": "002900010001",
            "depth": 3,
            "numchild": 0,
            "placeholder": 21,
            "parent": 679,
            "position": 0,
            "language": "en",
            "plugin_type": "Bootstrap4GridColumnPlugin",
            "creation_date": "2019-01-04T20:51:35.164Z",
            "changed_date": "2019-01-31T08:29:18.520Z"
        }
    },
    {
        "model": "cms.cmsplugin",
        "pk": 681,
        "fields": {
            "path": "002900010002",
            "depth": 3,
            "numchild": 1,
            "placeholder": 21,
            "parent": 679,
            "position": 1,
            "language": "en",
            "plugin_type": "Bootstrap4GridColumnPlugin",
            "creation_date": "2019-01-04T20:51:35.168Z",
            "changed_date": "2019-01-31T08:29:18.535Z"
        }
    },
    {
        "model": "cms.cmsplugin",
        "pk": 682,
        "fields": {
            "path": "0029000100020001",
            "depth": 4,
            "numchild": 1,
            "placeholder": 21,
            "parent": 681,
            "position": 0,
            "language": "en",
            "plugin_type": "Bootstrap4CardPlugin",
            "creation_date": "2019-01-04T20:47:49.181Z",
            "changed_date": "2019-01-31T08:29:18.547Z"
        }
    },
    {
        "model": "cms.cmsplugin",
        "pk": 683,
        "fields": {
            "path": "00290001000200010001",
            "depth": 5,
            "numchild": 1,
            "placeholder": 21,
            "parent": 682,
            "position": 0,
            "language": "en",
            "plugin_type": "Bootstrap4CardInnerPlugin",
            "creation_date": "2019-01-04T20:48:04.956Z",
            "changed_date": "2019-01-31T08:29:18.556Z"
        }
    },
    {
        "model": "cms.cmsplugin",
        "pk": 684,
        "fields": {
            "path": "002900010002000100010001",
            "depth": 6,
            "numchild": 0,
            "placeholder": 21,
            "parent": 683,
            "position": 0,
            "language": "en",
            "plugin_type": "FormPlugin",
            "creation_date": "2019-01-31T08:27:07.333Z",
            "changed_date": "2019-01-31T08:29:18.567Z"
        }
    },
    {
        "model": "cms.cmsplugin",
        "pk": 685,
        "fields": {
            "path": "002900010003",
            "depth": 3,
            "numchild": 0,
            "placeholder": 21,
            "parent": 679,
            "position": 2,
            "language": "en",
            "plugin_type": "Bootstrap4GridColumnPlugin",
            "creation_date": "2019-01-04T20:51:35.173Z",
            "changed_date": "2019-01-31T08:29:18.583Z"
        }
    },
    {
        "model": "cms.title",
        "pk": 1,
        "fields": {
            "language": "en",
            "title": "Shop",
            "page_title": null,
            "menu_title": null,
            "meta_description": null,
            "slug": "shop",
            "path": "shop",
            "has_url_overwrite": false,
            "redirect": null,
            "page": 1,
            "creation_date": "2018-12-28T18:19:25.763Z",
            "published": true,
            "publisher_is_draft": true,
            "publisher_public": 2,
            "publisher_state": 0
        }
    },
    {
        "model": "cms.title",
        "pk": 2,
        "fields": {
            "language": "en",
            "title": "Shop",
            "page_title": null,
            "menu_title": null,
            "meta_description": null,
            "slug": "shop",
            "path": "shop",
            "has_url_overwrite": false,
            "redirect": null,
            "page": 2,
            "creation_date": "2018-12-28T18:19:25.763Z",
            "published": true,
            "publisher_is_draft": false,
            "publisher_public": 1,
            "publisher_state": 0
        }
    },
    {
        "model": "cms.title",
        "pk": 8,
        "fields": {
            "language": "en",
            "title": "Home",
            "page_title": "",
            "menu_title": "",
            "meta_description": "",
            "slug": "home",
            "path": "",
            "has_url_overwrite": false,
            "redirect": null,
            "page": 8,
            "creation_date": "2019-01-31T06:52:01.209Z",
            "published": true,
            "publisher_is_draft": true,
            "publisher_public": 9,
            "publisher_state": 0
        }
    },
    {
        "model": "cms.title",
        "pk": 9,
        "fields": {
            "language": "en",
            "title": "Home",
            "page_title": "",
            "menu_title": "",
            "meta_description": "",
            "slug": "home",
            "path": "",
            "has_url_overwrite": false,
            "redirect": null,
            "page": 9,
            "creation_date": "2019-01-31T06:52:01.209Z",
            "published": true,
            "publisher_is_draft": false,
            "publisher_public": 8,
            "publisher_state": 1
        }
    },
    {
        "model": "cms.title",
        "pk": 10,
        "fields": {
            "language": "en",
            "title": "Contact Us",
            "page_title": "",
            "menu_title": "",
            "meta_description": "",
            "slug": "contact-us",
            "path": "contact-us",
            "has_url_overwrite": false,
            "redirect": null,
            "page": 10,
            "creation_date": "2019-01-31T08:26:03.443Z",
            "published": true,
            "publisher_is_draft": true,
            "publisher_public": 11,
            "publisher_state": 0
        }
    },
    {
        "model": "cms.title",
        "pk": 11,
        "fields": {
            "language": "en",
            "title": "Contact Us",
            "page_title": "",
            "menu_title": "",
            "meta_description": "",
            "slug": "contact-us",
            "path": "contact-us",
            "has_url_overwrite": false,
            "redirect": null,
            "page": 11,
            "creation_date": "2019-01-31T08:26:03.443Z",
            "published": true,
            "publisher_is_draft": false,
            "publisher_public": 10,
            "publisher_state": 1
        }
    },
    {
        "model": "cms.placeholderreference",
        "pk": 586,
        "fields": {
            "name": "Content",
            "placeholder_ref": 19
        }
    },
    {
        "model": "cms.staticplaceholder",
        "pk": 1,
        "fields": {
            "name": "",
            "code": "footer",
            "draft": 4,
            "public": 5,
            "dirty": false,
            "creation_method": "template",
            "site": 1
        }
    },
    {
        "model": "cms.staticplaceholder",
        "pk": 3,
        "fields": {
            "name": "",
            "code": "footer",
            "draft": 15,
            "public": 16,
            "dirty": false,
            "creation_method": "template",
            "site": null
        }
    },
    {
        "model": "cms.urlconfrevision",
        "pk": 1,
        "fields": {
            "revision": "1b203529-48f7-4e87-a7ef-4c120eaabe7b"
        }
    },
    {
        "model": "menus.cachekey",
        "pk": 76,
        "fields": {
            "language": "en",
            "site": 1,
            "key": "menu_cache_menu_nodes_en_1_1_user:public"
        }
    },
    {
        "model": "djangocms_text_ckeditor.text",
        "pk": 17,
        "fields": {
            "body": "<p style=\"text-align: center;\">\u00a0</p>\n\n<p style=\"text-align: center;\"><cms-plugin alt=\"Icon - 18 \" title=\"Icon - 18\" id=\"18\"></cms-plugin>Copyright Precious Gifts 2018</p>"
        }
    },
    {
        "model": "djangocms_text_ckeditor.text",
        "pk": 250,
        "fields": {
            "body": "<p style=\"text-align: center;\">\u00a0</p>\n\n<p style=\"text-align: center;\"><cms-plugin alt=\"Icon - 251 \" title=\"Icon - 251\" id=\"251\"></cms-plugin>Copyright Precious Gifts 2018</p>"
        }
    },
    {
        "model": "djangocms_text_ckeditor.text",
        "pk": 321,
        "fields": {
            "body": "<p style=\"text-align: center;\">\u00a0</p>\n\n<p style=\"text-align: center;\"><cms-plugin alt=\"Icon - 323 \" title=\"Icon - 323\" id=\"323\"></cms-plugin>Copyright Precious Gifts 2019</p>"
        }
    },
    {
        "model": "djangocms_text_ckeditor.text",
        "pk": 332,
        "fields": {
            "body": "<h4 style=\"text-align: center;\">\u00a0</h4>\n\n<h4 style=\"text-align: center;\"><em><strong>Top quality, Hand crafted products, directly delivered at your door step</strong></em></h4>"
        }
    },
    {
        "model": "djangocms_text_ckeditor.text",
        "pk": 340,
        "fields": {
            "body": "<h4 style=\"text-align: center;\">\u00a0</h4>\n\n<h4 style=\"text-align: center;\">Beauty products</h4>"
        }
    },
    {
        "model": "djangocms_text_ckeditor.text",
        "pk": 354,
        "fields": {
            "body": "<h4 style=\"text-align: center;\">\u00a0</h4>\n\n<h4 style=\"text-align: center;\">Everyday products</h4>"
        }
    },
    {
        "model": "djangocms_text_ckeditor.text",
        "pk": 361,
        "fields": {
            "body": "<h4 style=\"text-align: center;\">\u00a0</h4>\n\n<h4 style=\"text-align: center;\">Office supplies</h4>"
        }
    },
    {
        "model": "djangocms_text_ckeditor.text",
        "pk": 394,
        "fields": {
            "body": "<p style=\"text-align: center;\">\u00a0</p>\n\n<p style=\"text-align: center;\"><cms-plugin alt=\"Icon - 395 \" title=\"Icon - 395\" id=\"395\"></cms-plugin>Copyright Precious Gifts 2019</p>"
        }
    },
    {
        "model": "djangocms_text_ckeditor.text",
        "pk": 401,
        "fields": {
            "body": "<h4 style=\"text-align: center;\">\u00a0</h4>\n\n<h4 style=\"text-align: center;\"><strong>Check our youtube channel!</strong></h4>"
        }
    },
    {
        "model": "djangocms_text_ckeditor.text",
        "pk": 417,
        "fields": {
            "body": "<p style=\"text-align: center;\">Fast delivery thanks to our in house courier service</p>"
        }
    },
    {
        "model": "djangocms_text_ckeditor.text",
        "pk": 423,
        "fields": {
            "body": "<p style=\"text-align: center;\">Value products, affordable and budget friendly</p>"
        }
    },
    {
        "model": "djangocms_text_ckeditor.text",
        "pk": 426,
        "fields": {
            "body": "<p style=\"text-align: center;\">High quality, life time gurantee</p>"
        }
    },
    {
        "model": "djangocms_text_ckeditor.text",
        "pk": 493,
        "fields": {
            "body": "<h4 style=\"text-align: center;\">\u00a0</h4>\n\n<h4 style=\"text-align: center;\"><span style=\"color: null;\"><em><strong>Check us on google maps!</strong></em></span></h4>\n\n<p>\u00a0</p>"
        }
    },
    {
        "model": "djangocms_text_ckeditor.text",
        "pk": 494,
        "fields": {
            "body": "<h5 style=\"text-align: center;\"><span style=\"color: null;\"><strong><em>Have a question?, No problem, we are here to help, shoot us a message</em></strong></span></h5>\n\n<p>\u00a0</p>"
        }
    },
    {
        "model": "djangocms_text_ckeditor.text",
        "pk": 617,
        "fields": {
            "body": "<h4 style=\"text-align: center;\">\u00a0</h4>\n\n<h4 style=\"text-align: center;\"><em><strong>Top quality, Hand crafted products, directly delivered at your door step</strong></em></h4>"
        }
    },
    {
        "model": "djangocms_text_ckeditor.text",
        "pk": 623,
        "fields": {
            "body": "<h4 style=\"text-align: center;\">\u00a0</h4>\n\n<h4 style=\"text-align: center;\">Beauty products</h4>"
        }
    },
    {
        "model": "djangocms_text_ckeditor.text",
        "pk": 630,
        "fields": {
            "body": "<h4 style=\"text-align: center;\">\u00a0</h4>\n\n<h4 style=\"text-align: center;\">Everyday products</h4>"
        }
    },
    {
        "model": "djangocms_text_ckeditor.text",
        "pk": 637,
        "fields": {
            "body": "<h4 style=\"text-align: center;\">\u00a0</h4>\n\n<h4 style=\"text-align: center;\">Office supplies</h4>"
        }
    },
    {
        "model": "djangocms_text_ckeditor.text",
        "pk": 642,
        "fields": {
            "body": "<h4 style=\"text-align: center;\">\u00a0</h4>\n\n<h4 style=\"text-align: center;\"><strong>Check our youtube channel!</strong></h4>"
        }
    },
    {
        "model": "djangocms_text_ckeditor.text",
        "pk": 651,
        "fields": {
            "body": "<p style=\"text-align: center;\">Fast delivery thanks to our in house courier service</p>"
        }
    },
    {
        "model": "djangocms_text_ckeditor.text",
        "pk": 654,
        "fields": {
            "body": "<p style=\"text-align: center;\">Value products, affordable and budget friendly</p>"
        }
    },
    {
        "model": "djangocms_text_ckeditor.text",
        "pk": 657,
        "fields": {
            "body": "<p style=\"text-align: center;\">High quality, life time gurantee</p>"
        }
    },
    {
        "model": "djangocms_text_ckeditor.text",
        "pk": 664,
        "fields": {
            "body": "<h4 style=\"text-align: center;\">\u00a0</h4>\n\n<h4 style=\"text-align: center;\"><span style=\"color: null;\"><em><strong>Check us on google maps!</strong></em></span></h4>\n\n<p>\u00a0</p>"
        }
    },
    {
        "model": "djangocms_text_ckeditor.text",
        "pk": 674,
        "fields": {
            "body": "<h5 style=\"text-align: center;\"><span style=\"color: null;\"><strong><em>Have a question?, No problem, we are here to help, shoot us a message</em></strong></span></h5>\n\n<p>\u00a0</p>"
        }
    },
    {
        "model": "easy_thumbnails.source",
        "pk": 27,
        "fields": {
            "storage_hash": "f9bde26a1556cd667f742bd34ec7c55e",
            "name": "filer_public/76/ac/76ac6d92-a4ff-4056-9777-31a7dc68e673/shutterstock_569833969-850x476.jpg",
            "modified": "2019-01-31T07:00:00.856Z"
        }
    },
    {
        "model": "easy_thumbnails.source",
        "pk": 28,
        "fields": {
            "storage_hash": "f9bde26a1556cd667f742bd34ec7c55e",
            "name": "filer_public/84/4e/844ec049-1c59-4552-93d2-9b63df5191d2/places-to-sell-your-handmade-850x476.jpg",
            "modified": "2019-01-31T07:04:17.971Z"
        }
    },
    {
        "model": "easy_thumbnails.source",
        "pk": 29,
        "fields": {
            "storage_hash": "f9bde26a1556cd667f742bd34ec7c55e",
            "name": "filer_public/e9/9a/e99aad93-deb5-4800-a793-3585b78cb231/best-marketplaces-to-sell-handmade-jewelry.jpg",
            "modified": "2019-01-31T07:08:24.317Z"
        }
    },
    {
        "model": "easy_thumbnails.source",
        "pk": 30,
        "fields": {
            "storage_hash": "f9bde26a1556cd667f742bd34ec7c55e",
            "name": "filer_public/0d/de/0dde150c-6360-45c0-b357-60d5f2889cad/natures-garden-therapies-handmade-products-from-mother-earth.jpg",
            "modified": "2019-01-31T07:18:13.990Z"
        }
    },
    {
        "model": "easy_thumbnails.source",
        "pk": 31,
        "fields": {
            "storage_hash": "f9bde26a1556cd667f742bd34ec7c55e",
            "name": "filer_public/f8/2e/f82efb10-dec1-4e66-9250-93d9f330a2a2/simple-handmade-handmade-handbags-handmade-seaweed-knit-bag-art-sen-female-handbag-retro-ladies-handbag-bucketjpg_640x640.jpg",
            "modified": "2019-01-31T07:23:21.564Z"
        }
    },
    {
        "model": "easy_thumbnails.source",
        "pk": 32,
        "fields": {
            "storage_hash": "f9bde26a1556cd667f742bd34ec7c55e",
            "name": "filer_public/44/30/443003f2-1ad4-4aea-84d7-f95b9d837e30/circlem-leatherjournals.jpg",
            "modified": "2019-01-31T07:24:17.803Z"
        }
    },
    {
        "model": "easy_thumbnails.source",
        "pk": 33,
        "fields": {
            "storage_hash": "f9bde26a1556cd667f742bd34ec7c55e",
            "name": "filer_public/02/d3/02d32196-fec1-421b-82cc-bf0f21e24dca/images_14.jpeg",
            "modified": "2019-01-31T07:27:32.505Z"
        }
    },
    {
        "model": "easy_thumbnails.source",
        "pk": 34,
        "fields": {
            "storage_hash": "f9bde26a1556cd667f742bd34ec7c55e",
            "name": "filer_public/d1/89/d189c805-5274-4186-9637-c17d3fe2b9c4/tumblr_lkmt9sqglt1qfakwk.jpg",
            "modified": "2019-01-31T08:32:24.164Z"
        }
    },
    {
        "model": "easy_thumbnails.source",
        "pk": 35,
        "fields": {
            "storage_hash": "f9bde26a1556cd667f742bd34ec7c55e",
            "name": "filer_public/95/ac/95ac7a4f-5e0b-4bfb-9ed6-280e56b55f2e/sbs_003.jpg",
            "modified": "2019-01-31T08:32:52.690Z"
        }
    },
    {
        "model": "easy_thumbnails.source",
        "pk": 36,
        "fields": {
            "storage_hash": "f9bde26a1556cd667f742bd34ec7c55e",
            "name": "filer_public/62/e6/62e69381-42a0-43a2-b545-50d878deb06b/pricing-your-handmade-products.jpg",
            "modified": "2019-01-31T08:33:29.183Z"
        }
    },
    {
        "model": "easy_thumbnails.source",
        "pk": 37,
        "fields": {
            "storage_hash": "f9bde26a1556cd667f742bd34ec7c55e",
            "name": "filer_public/e3/96/e3961f2e-0719-4aab-bb9d-9194f172c829/morgan_hill_poppy_jasper_pendant_tela_formosa_2__grande.jpg",
            "modified": "2019-01-31T08:34:02.006Z"
        }
    },
    {
        "model": "easy_thumbnails.source",
        "pk": 38,
        "fields": {
            "storage_hash": "f9bde26a1556cd667f742bd34ec7c55e",
            "name": "filer_public/5c/26/5c26db43-f498-4ccb-b121-40f08ba52ce9/mall-for-africasm.jpg",
            "modified": "2019-01-31T08:34:32.901Z"
        }
    },
    {
        "model": "easy_thumbnails.source",
        "pk": 39,
        "fields": {
            "storage_hash": "f9bde26a1556cd667f742bd34ec7c55e",
            "name": "filer_public/68/6e/686edd51-7b6b-405e-a80d-bbfd2f2063c6/img_7422.jpg",
            "modified": "2019-01-31T08:35:06.973Z"
        }
    },
    {
        "model": "easy_thumbnails.source",
        "pk": 40,
        "fields": {
            "storage_hash": "f9bde26a1556cd667f742bd34ec7c55e",
            "name": "filer_public/38/03/3803f602-fc1e-4607-be2d-c9b71bd020cf/img_0423_1024x1024.jpg",
            "modified": "2019-01-31T08:35:35.509Z"
        }
    },
    {
        "model": "easy_thumbnails.source",
        "pk": 41,
        "fields": {
            "storage_hash": "f9bde26a1556cd667f742bd34ec7c55e",
            "name": "filer_public/0b/ef/0bef6a9f-a2e5-4d7d-8090-7298097dfa66/images_12.jpeg",
            "modified": "2019-01-31T08:36:04.776Z"
        }
    },
    {
        "model": "easy_thumbnails.source",
        "pk": 42,
        "fields": {
            "storage_hash": "f9bde26a1556cd667f742bd34ec7c55e",
            "name": "filer_public/53/49/5349595f-e05b-4162-a5f4-66894ca00685/images_11.jpeg",
            "modified": "2019-01-31T08:36:44.316Z"
        }
    },
    {
        "model": "easy_thumbnails.source",
        "pk": 43,
        "fields": {
            "storage_hash": "f9bde26a1556cd667f742bd34ec7c55e",
            "name": "filer_public/1f/46/1f465ccb-b757-4910-af56-f18edc091f50/images_2.jpeg",
            "modified": "2019-01-31T08:37:22.538Z"
        }
    },
    {
        "model": "easy_thumbnails.source",
        "pk": 44,
        "fields": {
            "storage_hash": "f9bde26a1556cd667f742bd34ec7c55e",
            "name": "filer_public/5f/80/5f806f06-c60f-42a4-8837-16e3cc7fdfe0/images_1.jpeg",
            "modified": "2019-01-31T08:37:48.280Z"
        }
    },
    {
        "model": "easy_thumbnails.source",
        "pk": 45,
        "fields": {
            "storage_hash": "f9bde26a1556cd667f742bd34ec7c55e",
            "name": "filer_public/90/d9/90d967aa-4917-47cd-a23f-c5fa40e66899/handmade-4-us.jpg",
            "modified": "2019-01-31T08:38:20.596Z"
        }
    },
    {
        "model": "easy_thumbnails.source",
        "pk": 46,
        "fields": {
            "storage_hash": "f9bde26a1556cd667f742bd34ec7c55e",
            "name": "filer_public/9e/c6/9ec66bf7-d0ef-4165-a077-f14f154920a5/a664b01b4dafa222a529e4754d891b9a.jpg",
            "modified": "2019-01-31T08:39:00.161Z"
        }
    },
    {
        "model": "easy_thumbnails.source",
        "pk": 47,
        "fields": {
            "storage_hash": "f9bde26a1556cd667f742bd34ec7c55e",
            "name": "filer_public/9d/b7/9db7de66-208e-4327-bc6c-f46e633267c8/71krzfruwhl_sx355_.jpg",
            "modified": "2019-01-31T08:39:44.100Z"
        }
    },
    {
        "model": "easy_thumbnails.source",
        "pk": 48,
        "fields": {
            "storage_hash": "f9bde26a1556cd667f742bd34ec7c55e",
            "name": "filer_public/23/80/238007de-62c0-4a84-b837-d89568d04ffa/0b0821c70e72d9c0ed59d908eb0d85fd.jpg",
            "modified": "2019-01-31T08:40:25.291Z"
        }
    },
    {
        "model": "easy_thumbnails.thumbnail",
        "pk": 136,
        "fields": {
            "storage_hash": "f9bde26a1556cd667f742bd34ec7c55e",
            "name": "filer_public_thumbnails/filer_public/76/ac/76ac6d92-a4ff-4056-9777-31a7dc68e673/shutterstock_569833969-850x476.jpg__16x16_q85_crop_subsampling-2_upscale.jpg",
            "modified": "2019-01-31T06:57:55.377Z",
            "source": 27
        }
    },
    {
        "model": "easy_thumbnails.thumbnail",
        "pk": 137,
        "fields": {
            "storage_hash": "f9bde26a1556cd667f742bd34ec7c55e",
            "name": "filer_public_thumbnails/filer_public/76/ac/76ac6d92-a4ff-4056-9777-31a7dc68e673/shutterstock_569833969-850x476.jpg__32x32_q85_crop_subsampling-2_upscale.jpg",
            "modified": "2019-01-31T06:57:55.485Z",
            "source": 27
        }
    },
    {
        "model": "easy_thumbnails.thumbnail",
        "pk": 138,
        "fields": {
            "storage_hash": "f9bde26a1556cd667f742bd34ec7c55e",
            "name": "filer_public_thumbnails/filer_public/76/ac/76ac6d92-a4ff-4056-9777-31a7dc68e673/shutterstock_569833969-850x476.jpg__48x48_q85_crop_subsampling-2_upscale.jpg",
            "modified": "2019-01-31T06:57:55.521Z",
            "source": 27
        }
    },
    {
        "model": "easy_thumbnails.thumbnail",
        "pk": 139,
        "fields": {
            "storage_hash": "f9bde26a1556cd667f742bd34ec7c55e",
            "name": "filer_public_thumbnails/filer_public/76/ac/76ac6d92-a4ff-4056-9777-31a7dc68e673/shutterstock_569833969-850x476.jpg__64x64_q85_crop_subsampling-2_upscale.jpg",
            "modified": "2019-01-31T06:57:55.561Z",
            "source": 27
        }
    },
    {
        "model": "easy_thumbnails.thumbnail",
        "pk": 140,
        "fields": {
            "storage_hash": "f9bde26a1556cd667f742bd34ec7c55e",
            "name": "filer_public_thumbnails/filer_public/76/ac/76ac6d92-a4ff-4056-9777-31a7dc68e673/shutterstock_569833969-850x476.jpg__180x180_q85_crop_subsampling-2_upscale.jpg",
            "modified": "2019-01-31T06:57:55.608Z",
            "source": 27
        }
    },
    {
        "model": "easy_thumbnails.thumbnail",
        "pk": 141,
        "fields": {
            "storage_hash": "f9bde26a1556cd667f742bd34ec7c55e",
            "name": "filer_public_thumbnails/filer_public/76/ac/76ac6d92-a4ff-4056-9777-31a7dc68e673/shutterstock_569833969-850x476.jpg__1024.0x438.85714285714283_q85_crop-10_subsampling-2_upscale.jpg",
            "modified": "2019-01-31T06:59:01.601Z",
            "source": 27
        }
    },
    {
        "model": "easy_thumbnails.thumbnail",
        "pk": 142,
        "fields": {
            "storage_hash": "f9bde26a1556cd667f742bd34ec7c55e",
            "name": "filer_public_thumbnails/filer_public/76/ac/76ac6d92-a4ff-4056-9777-31a7dc68e673/shutterstock_569833969-850x476.jpg__1024.0x682.6666666666666_q85_crop-10_subsampling-2_upscale.jpg",
            "modified": "2019-01-31T06:59:41.768Z",
            "source": 27
        }
    },
    {
        "model": "easy_thumbnails.thumbnail",
        "pk": 143,
        "fields": {
            "storage_hash": "f9bde26a1556cd667f742bd34ec7c55e",
            "name": "filer_public_thumbnails/filer_public/76/ac/76ac6d92-a4ff-4056-9777-31a7dc68e673/shutterstock_569833969-850x476.jpg__1024.0x768.0_q85_crop-10_subsampling-2_upscale.jpg",
            "modified": "2019-01-31T06:59:52.129Z",
            "source": 27
        }
    },
    {
        "model": "easy_thumbnails.thumbnail",
        "pk": 144,
        "fields": {
            "storage_hash": "f9bde26a1556cd667f742bd34ec7c55e",
            "name": "filer_public_thumbnails/filer_public/76/ac/76ac6d92-a4ff-4056-9777-31a7dc68e673/shutterstock_569833969-850x476.jpg__1024.0x512.0_q85_crop-10_subsampling-2_upscale.jpg",
            "modified": "2019-01-31T07:00:01.018Z",
            "source": 27
        }
    },
    {
        "model": "easy_thumbnails.thumbnail",
        "pk": 145,
        "fields": {
            "storage_hash": "f9bde26a1556cd667f742bd34ec7c55e",
            "name": "filer_public_thumbnails/filer_public/84/4e/844ec049-1c59-4552-93d2-9b63df5191d2/places-to-sell-your-handmade-850x476.jpg__16x16_q85_crop_subsampling-2_upscale.jpg",
            "modified": "2019-01-31T07:04:02.209Z",
            "source": 28
        }
    },
    {
        "model": "easy_thumbnails.thumbnail",
        "pk": 146,
        "fields": {
            "storage_hash": "f9bde26a1556cd667f742bd34ec7c55e",
            "name": "filer_public_thumbnails/filer_public/84/4e/844ec049-1c59-4552-93d2-9b63df5191d2/places-to-sell-your-handmade-850x476.jpg__32x32_q85_crop_subsampling-2_upscale.jpg",
            "modified": "2019-01-31T07:04:02.248Z",
            "source": 28
        }
    },
    {
        "model": "easy_thumbnails.thumbnail",
        "pk": 147,
        "fields": {
            "storage_hash": "f9bde26a1556cd667f742bd34ec7c55e",
            "name": "filer_public_thumbnails/filer_public/84/4e/844ec049-1c59-4552-93d2-9b63df5191d2/places-to-sell-your-handmade-850x476.jpg__48x48_q85_crop_subsampling-2_upscale.jpg",
            "modified": "2019-01-31T07:04:02.287Z",
            "source": 28
        }
    },
    {
        "model": "easy_thumbnails.thumbnail",
        "pk": 148,
        "fields": {
            "storage_hash": "f9bde26a1556cd667f742bd34ec7c55e",
            "name": "filer_public_thumbnails/filer_public/84/4e/844ec049-1c59-4552-93d2-9b63df5191d2/places-to-sell-your-handmade-850x476.jpg__64x64_q85_crop_subsampling-2_upscale.jpg",
            "modified": "2019-01-31T07:04:02.353Z",
            "source": 28
        }
    },
    {
        "model": "easy_thumbnails.thumbnail",
        "pk": 149,
        "fields": {
            "storage_hash": "f9bde26a1556cd667f742bd34ec7c55e",
            "name": "filer_public_thumbnails/filer_public/84/4e/844ec049-1c59-4552-93d2-9b63df5191d2/places-to-sell-your-handmade-850x476.jpg__180x180_q85_crop_subsampling-2_upscale.jpg",
            "modified": "2019-01-31T07:04:02.420Z",
            "source": 28
        }
    },
    {
        "model": "easy_thumbnails.thumbnail",
        "pk": 150,
        "fields": {
            "storage_hash": "f9bde26a1556cd667f742bd34ec7c55e",
            "name": "filer_public_thumbnails/filer_public/84/4e/844ec049-1c59-4552-93d2-9b63df5191d2/places-to-sell-your-handmade-850x476.jpg__1024.0x438.85714285714283_q85_crop-10_subsampling-2_upscale.jpg",
            "modified": "2019-01-31T07:04:17.994Z",
            "source": 28
        }
    },
    {
        "model": "easy_thumbnails.thumbnail",
        "pk": 151,
        "fields": {
            "storage_hash": "f9bde26a1556cd667f742bd34ec7c55e",
            "name": "filer_public_thumbnails/filer_public/e9/9a/e99aad93-deb5-4800-a793-3585b78cb231/best-marketplaces-to-sell-handmade-jewelry.jpg__16x16_q85_crop_subsampling-2_upscale.jpg",
            "modified": "2019-01-31T07:07:00.239Z",
            "source": 29
        }
    },
    {
        "model": "easy_thumbnails.thumbnail",
        "pk": 152,
        "fields": {
            "storage_hash": "f9bde26a1556cd667f742bd34ec7c55e",
            "name": "filer_public_thumbnails/filer_public/e9/9a/e99aad93-deb5-4800-a793-3585b78cb231/best-marketplaces-to-sell-handmade-jewelry.jpg__32x32_q85_crop_subsampling-2_upscale.jpg",
            "modified": "2019-01-31T07:07:00.281Z",
            "source": 29
        }
    },
    {
        "model": "easy_thumbnails.thumbnail",
        "pk": 153,
        "fields": {
            "storage_hash": "f9bde26a1556cd667f742bd34ec7c55e",
            "name": "filer_public_thumbnails/filer_public/e9/9a/e99aad93-deb5-4800-a793-3585b78cb231/best-marketplaces-to-sell-handmade-jewelry.jpg__48x48_q85_crop_subsampling-2_upscale.jpg",
            "modified": "2019-01-31T07:07:00.319Z",
            "source": 29
        }
    },
    {
        "model": "easy_thumbnails.thumbnail",
        "pk": 154,
        "fields": {
            "storage_hash": "f9bde26a1556cd667f742bd34ec7c55e",
            "name": "filer_public_thumbnails/filer_public/e9/9a/e99aad93-deb5-4800-a793-3585b78cb231/best-marketplaces-to-sell-handmade-jewelry.jpg__64x64_q85_crop_subsampling-2_upscale.jpg",
            "modified": "2019-01-31T07:07:00.363Z",
            "source": 29
        }
    },
    {
        "model": "easy_thumbnails.thumbnail",
        "pk": 155,
        "fields": {
            "storage_hash": "f9bde26a1556cd667f742bd34ec7c55e",
            "name": "filer_public_thumbnails/filer_public/e9/9a/e99aad93-deb5-4800-a793-3585b78cb231/best-marketplaces-to-sell-handmade-jewelry.jpg__180x180_q85_crop_subsampling-2_upscale.jpg",
            "modified": "2019-01-31T07:07:00.415Z",
            "source": 29
        }
    },
    {
        "model": "easy_thumbnails.thumbnail",
        "pk": 156,
        "fields": {
            "storage_hash": "f9bde26a1556cd667f742bd34ec7c55e",
            "name": "filer_public_thumbnails/filer_public/e9/9a/e99aad93-deb5-4800-a793-3585b78cb231/best-marketplaces-to-sell-handmade-jewelry.jpg__1024.0x438.85714285714283_q85_crop-10_subsampling-2_upscale.jpg",
            "modified": "2019-01-31T07:08:24.347Z",
            "source": 29
        }
    },
    {
        "model": "easy_thumbnails.thumbnail",
        "pk": 157,
        "fields": {
            "storage_hash": "f9bde26a1556cd667f742bd34ec7c55e",
            "name": "filer_public_thumbnails/filer_public/0d/de/0dde150c-6360-45c0-b357-60d5f2889cad/natures-garden-therapies-handmade-products-from-mother-earth.jpg__16x16_q85_crop_subsampling-2_upscale.jpg",
            "modified": "2019-01-31T07:17:46.875Z",
            "source": 30
        }
    },
    {
        "model": "easy_thumbnails.thumbnail",
        "pk": 158,
        "fields": {
            "storage_hash": "f9bde26a1556cd667f742bd34ec7c55e",
            "name": "filer_public_thumbnails/filer_public/0d/de/0dde150c-6360-45c0-b357-60d5f2889cad/natures-garden-therapies-handmade-products-from-mother-earth.jpg__32x32_q85_crop_subsampling-2_upscale.jpg",
            "modified": "2019-01-31T07:17:46.926Z",
            "source": 30
        }
    },
    {
        "model": "easy_thumbnails.thumbnail",
        "pk": 159,
        "fields": {
            "storage_hash": "f9bde26a1556cd667f742bd34ec7c55e",
            "name": "filer_public_thumbnails/filer_public/0d/de/0dde150c-6360-45c0-b357-60d5f2889cad/natures-garden-therapies-handmade-products-from-mother-earth.jpg__48x48_q85_crop_subsampling-2_upscale.jpg",
            "modified": "2019-01-31T07:17:46.977Z",
            "source": 30
        }
    },
    {
        "model": "easy_thumbnails.thumbnail",
        "pk": 160,
        "fields": {
            "storage_hash": "f9bde26a1556cd667f742bd34ec7c55e",
            "name": "filer_public_thumbnails/filer_public/0d/de/0dde150c-6360-45c0-b357-60d5f2889cad/natures-garden-therapies-handmade-products-from-mother-earth.jpg__64x64_q85_crop_subsampling-2_upscale.jpg",
            "modified": "2019-01-31T07:17:47.028Z",
            "source": 30
        }
    },
    {
        "model": "easy_thumbnails.thumbnail",
        "pk": 161,
        "fields": {
            "storage_hash": "f9bde26a1556cd667f742bd34ec7c55e",
            "name": "filer_public_thumbnails/filer_public/0d/de/0dde150c-6360-45c0-b357-60d5f2889cad/natures-garden-therapies-handmade-products-from-mother-earth.jpg__180x180_q85_crop_subsampling-2_upscale.jpg",
            "modified": "2019-01-31T07:17:47.087Z",
            "source": 30
        }
    },
    {
        "model": "easy_thumbnails.thumbnail",
        "pk": 162,
        "fields": {
            "storage_hash": "f9bde26a1556cd667f742bd34ec7c55e",
            "name": "filer_public_thumbnails/filer_public/0d/de/0dde150c-6360-45c0-b357-60d5f2889cad/natures-garden-therapies-handmade-products-from-mother-earth.jpg__1000x667_q85_subsampling-2.jpg",
            "modified": "2019-01-31T07:18:14.007Z",
            "source": 30
        }
    },
    {
        "model": "easy_thumbnails.thumbnail",
        "pk": 163,
        "fields": {
            "storage_hash": "f9bde26a1556cd667f742bd34ec7c55e",
            "name": "filer_public_thumbnails/filer_public/f8/2e/f82efb10-dec1-4e66-9250-93d9f330a2a2/simple-handmade-handmade-handbags-handmade-seaweed-knit-bag-art-sen-female-handbag-retro-ladies-handbag-bucketjpg_640x640.jpg__16x16_q85_crop_subsampling-2_upscale.jpg",
            "modified": "2019-01-31T07:23:11.767Z",
            "source": 31
        }
    },
    {
        "model": "easy_thumbnails.thumbnail",
        "pk": 164,
        "fields": {
            "storage_hash": "f9bde26a1556cd667f742bd34ec7c55e",
            "name": "filer_public_thumbnails/filer_public/f8/2e/f82efb10-dec1-4e66-9250-93d9f330a2a2/simple-handmade-handmade-handbags-handmade-seaweed-knit-bag-art-sen-female-handbag-retro-ladies-handbag-bucketjpg_640x640.jpg__32x32_q85_crop_subsampling-2_upscale.jpg",
            "modified": "2019-01-31T07:23:11.847Z",
            "source": 31
        }
    },
    {
        "model": "easy_thumbnails.thumbnail",
        "pk": 165,
        "fields": {
            "storage_hash": "f9bde26a1556cd667f742bd34ec7c55e",
            "name": "filer_public_thumbnails/filer_public/f8/2e/f82efb10-dec1-4e66-9250-93d9f330a2a2/simple-handmade-handmade-handbags-handmade-seaweed-knit-bag-art-sen-female-handbag-retro-ladies-handbag-bucketjpg_640x640.jpg__48x48_q85_crop_subsampling-2_upscale.jpg",
            "modified": "2019-01-31T07:23:11.914Z",
            "source": 31
        }
    },
    {
        "model": "easy_thumbnails.thumbnail",
        "pk": 166,
        "fields": {
            "storage_hash": "f9bde26a1556cd667f742bd34ec7c55e",
            "name": "filer_public_thumbnails/filer_public/f8/2e/f82efb10-dec1-4e66-9250-93d9f330a2a2/simple-handmade-handmade-handbags-handmade-seaweed-knit-bag-art-sen-female-handbag-retro-ladies-handbag-bucketjpg_640x640.jpg__64x64_q85_crop_subsampling-2_upscale.jpg",
            "modified": "2019-01-31T07:23:11.954Z",
            "source": 31
        }
    },
    {
        "model": "easy_thumbnails.thumbnail",
        "pk": 167,
        "fields": {
            "storage_hash": "f9bde26a1556cd667f742bd34ec7c55e",
            "name": "filer_public_thumbnails/filer_public/f8/2e/f82efb10-dec1-4e66-9250-93d9f330a2a2/simple-handmade-handmade-handbags-handmade-seaweed-knit-bag-art-sen-female-handbag-retro-ladies-handbag-bucketjpg_640x640.jpg__180x180_q85_crop_subsampling-2_upscale.jpg",
            "modified": "2019-01-31T07:23:11.998Z",
            "source": 31
        }
    },
    {
        "model": "easy_thumbnails.thumbnail",
        "pk": 168,
        "fields": {
            "storage_hash": "f9bde26a1556cd667f742bd34ec7c55e",
            "name": "filer_public_thumbnails/filer_public/f8/2e/f82efb10-dec1-4e66-9250-93d9f330a2a2/simple-handmade-handmade-handbags-handmade-seaweed-knit-bag-art-sen-female-handbag-retro-ladies-handbag-bucketjpg_640x640.jpg__640x640_q85_subsampling-2.jpg",
            "modified": "2019-01-31T07:23:21.587Z",
            "source": 31
        }
    },
    {
        "model": "easy_thumbnails.thumbnail",
        "pk": 169,
        "fields": {
            "storage_hash": "f9bde26a1556cd667f742bd34ec7c55e",
            "name": "filer_public_thumbnails/filer_public/44/30/443003f2-1ad4-4aea-84d7-f95b9d837e30/circlem-leatherjournals.jpg__16x16_q85_crop_subsampling-2_upscale.jpg",
            "modified": "2019-01-31T07:24:12.829Z",
            "source": 32
        }
    },
    {
        "model": "easy_thumbnails.thumbnail",
        "pk": 170,
        "fields": {
            "storage_hash": "f9bde26a1556cd667f742bd34ec7c55e",
            "name": "filer_public_thumbnails/filer_public/44/30/443003f2-1ad4-4aea-84d7-f95b9d837e30/circlem-leatherjournals.jpg__32x32_q85_crop_subsampling-2_upscale.jpg",
            "modified": "2019-01-31T07:24:12.875Z",
            "source": 32
        }
    },
    {
        "model": "easy_thumbnails.thumbnail",
        "pk": 171,
        "fields": {
            "storage_hash": "f9bde26a1556cd667f742bd34ec7c55e",
            "name": "filer_public_thumbnails/filer_public/44/30/443003f2-1ad4-4aea-84d7-f95b9d837e30/circlem-leatherjournals.jpg__48x48_q85_crop_subsampling-2_upscale.jpg",
            "modified": "2019-01-31T07:24:12.985Z",
            "source": 32
        }
    },
    {
        "model": "easy_thumbnails.thumbnail",
        "pk": 172,
        "fields": {
            "storage_hash": "f9bde26a1556cd667f742bd34ec7c55e",
            "name": "filer_public_thumbnails/filer_public/44/30/443003f2-1ad4-4aea-84d7-f95b9d837e30/circlem-leatherjournals.jpg__64x64_q85_crop_subsampling-2_upscale.jpg",
            "modified": "2019-01-31T07:24:13.064Z",
            "source": 32
        }
    },
    {
        "model": "easy_thumbnails.thumbnail",
        "pk": 173,
        "fields": {
            "storage_hash": "f9bde26a1556cd667f742bd34ec7c55e",
            "name": "filer_public_thumbnails/filer_public/44/30/443003f2-1ad4-4aea-84d7-f95b9d837e30/circlem-leatherjournals.jpg__180x180_q85_crop_subsampling-2_upscale.jpg",
            "modified": "2019-01-31T07:24:13.121Z",
            "source": 32
        }
    },
    {
        "model": "easy_thumbnails.thumbnail",
        "pk": 174,
        "fields": {
            "storage_hash": "f9bde26a1556cd667f742bd34ec7c55e",
            "name": "filer_public_thumbnails/filer_public/44/30/443003f2-1ad4-4aea-84d7-f95b9d837e30/circlem-leatherjournals.jpg__1000x656_q85_subsampling-2.jpg",
            "modified": "2019-01-31T07:24:17.830Z",
            "source": 32
        }
    },
    {
        "model": "easy_thumbnails.thumbnail",
        "pk": 175,
        "fields": {
            "storage_hash": "f9bde26a1556cd667f742bd34ec7c55e",
            "name": "filer_public_thumbnails/filer_public/02/d3/02d32196-fec1-421b-82cc-bf0f21e24dca/images_14.jpeg__16x16_q85_crop_subsampling-2_upscale.jpg",
            "modified": "2019-01-31T07:27:26.614Z",
            "source": 33
        }
    },
    {
        "model": "easy_thumbnails.thumbnail",
        "pk": 176,
        "fields": {
            "storage_hash": "f9bde26a1556cd667f742bd34ec7c55e",
            "name": "filer_public_thumbnails/filer_public/02/d3/02d32196-fec1-421b-82cc-bf0f21e24dca/images_14.jpeg__32x32_q85_crop_subsampling-2_upscale.jpg",
            "modified": "2019-01-31T07:27:26.654Z",
            "source": 33
        }
    },
    {
        "model": "easy_thumbnails.thumbnail",
        "pk": 177,
        "fields": {
            "storage_hash": "f9bde26a1556cd667f742bd34ec7c55e",
            "name": "filer_public_thumbnails/filer_public/02/d3/02d32196-fec1-421b-82cc-bf0f21e24dca/images_14.jpeg__48x48_q85_crop_subsampling-2_upscale.jpg",
            "modified": "2019-01-31T07:27:26.682Z",
            "source": 33
        }
    },
    {
        "model": "easy_thumbnails.thumbnail",
        "pk": 178,
        "fields": {
            "storage_hash": "f9bde26a1556cd667f742bd34ec7c55e",
            "name": "filer_public_thumbnails/filer_public/02/d3/02d32196-fec1-421b-82cc-bf0f21e24dca/images_14.jpeg__64x64_q85_crop_subsampling-2_upscale.jpg",
            "modified": "2019-01-31T07:27:26.723Z",
            "source": 33
        }
    },
    {
        "model": "easy_thumbnails.thumbnail",
        "pk": 179,
        "fields": {
            "storage_hash": "f9bde26a1556cd667f742bd34ec7c55e",
            "name": "filer_public_thumbnails/filer_public/02/d3/02d32196-fec1-421b-82cc-bf0f21e24dca/images_14.jpeg__180x180_q85_crop_subsampling-2_upscale.jpg",
            "modified": "2019-01-31T07:27:26.818Z",
            "source": 33
        }
    },
    {
        "model": "easy_thumbnails.thumbnail",
        "pk": 180,
        "fields": {
            "storage_hash": "f9bde26a1556cd667f742bd34ec7c55e",
            "name": "filer_public_thumbnails/filer_public/02/d3/02d32196-fec1-421b-82cc-bf0f21e24dca/images_14.jpeg__225x225_q85_subsampling-2.jpg",
            "modified": "2019-01-31T07:27:32.546Z",
            "source": 33
        }
    },
    {
        "model": "easy_thumbnails.thumbnail",
        "pk": 181,
        "fields": {
            "storage_hash": "f9bde26a1556cd667f742bd34ec7c55e",
            "name": "filer_public_thumbnails/filer_public/d1/89/d189c805-5274-4186-9637-c17d3fe2b9c4/tumblr_lkmt9sqglt1qfakwk.jpg__16x16_q85_crop_subsampling-2_upscale.jpg",
            "modified": "2019-01-31T08:32:24.411Z",
            "source": 34
        }
    },
    {
        "model": "easy_thumbnails.thumbnail",
        "pk": 182,
        "fields": {
            "storage_hash": "f9bde26a1556cd667f742bd34ec7c55e",
            "name": "filer_public_thumbnails/filer_public/d1/89/d189c805-5274-4186-9637-c17d3fe2b9c4/tumblr_lkmt9sqglt1qfakwk.jpg__32x32_q85_crop_subsampling-2_upscale.jpg",
            "modified": "2019-01-31T08:32:24.631Z",
            "source": 34
        }
    },
    {
        "model": "easy_thumbnails.thumbnail",
        "pk": 183,
        "fields": {
            "storage_hash": "f9bde26a1556cd667f742bd34ec7c55e",
            "name": "filer_public_thumbnails/filer_public/d1/89/d189c805-5274-4186-9637-c17d3fe2b9c4/tumblr_lkmt9sqglt1qfakwk.jpg__48x48_q85_crop_subsampling-2_upscale.jpg",
            "modified": "2019-01-31T08:32:24.844Z",
            "source": 34
        }
    },
    {
        "model": "easy_thumbnails.thumbnail",
        "pk": 184,
        "fields": {
            "storage_hash": "f9bde26a1556cd667f742bd34ec7c55e",
            "name": "filer_public_thumbnails/filer_public/d1/89/d189c805-5274-4186-9637-c17d3fe2b9c4/tumblr_lkmt9sqglt1qfakwk.jpg__64x64_q85_crop_subsampling-2_upscale.jpg",
            "modified": "2019-01-31T08:32:25.051Z",
            "source": 34
        }
    },
    {
        "model": "easy_thumbnails.thumbnail",
        "pk": 185,
        "fields": {
            "storage_hash": "f9bde26a1556cd667f742bd34ec7c55e",
            "name": "filer_public_thumbnails/filer_public/d1/89/d189c805-5274-4186-9637-c17d3fe2b9c4/tumblr_lkmt9sqglt1qfakwk.jpg__180x180_q85_crop_subsampling-2_upscale.jpg",
            "modified": "2019-01-31T08:32:25.262Z",
            "source": 34
        }
    },
    {
        "model": "easy_thumbnails.thumbnail",
        "pk": 186,
        "fields": {
            "storage_hash": "f9bde26a1556cd667f742bd34ec7c55e",
            "name": "filer_public_thumbnails/filer_public/95/ac/95ac7a4f-5e0b-4bfb-9ed6-280e56b55f2e/sbs_003.jpg__16x16_q85_crop_subsampling-2_upscale.jpg",
            "modified": "2019-01-31T08:32:52.715Z",
            "source": 35
        }
    },
    {
        "model": "easy_thumbnails.thumbnail",
        "pk": 187,
        "fields": {
            "storage_hash": "f9bde26a1556cd667f742bd34ec7c55e",
            "name": "filer_public_thumbnails/filer_public/95/ac/95ac7a4f-5e0b-4bfb-9ed6-280e56b55f2e/sbs_003.jpg__32x32_q85_crop_subsampling-2_upscale.jpg",
            "modified": "2019-01-31T08:32:53.094Z",
            "source": 35
        }
    },
    {
        "model": "easy_thumbnails.thumbnail",
        "pk": 188,
        "fields": {
            "storage_hash": "f9bde26a1556cd667f742bd34ec7c55e",
            "name": "filer_public_thumbnails/filer_public/95/ac/95ac7a4f-5e0b-4bfb-9ed6-280e56b55f2e/sbs_003.jpg__48x48_q85_crop_subsampling-2_upscale.jpg",
            "modified": "2019-01-31T08:32:53.504Z",
            "source": 35
        }
    },
    {
        "model": "easy_thumbnails.thumbnail",
        "pk": 189,
        "fields": {
            "storage_hash": "f9bde26a1556cd667f742bd34ec7c55e",
            "name": "filer_public_thumbnails/filer_public/95/ac/95ac7a4f-5e0b-4bfb-9ed6-280e56b55f2e/sbs_003.jpg__64x64_q85_crop_subsampling-2_upscale.jpg",
            "modified": "2019-01-31T08:32:53.886Z",
            "source": 35
        }
    },
    {
        "model": "easy_thumbnails.thumbnail",
        "pk": 190,
        "fields": {
            "storage_hash": "f9bde26a1556cd667f742bd34ec7c55e",
            "name": "filer_public_thumbnails/filer_public/95/ac/95ac7a4f-5e0b-4bfb-9ed6-280e56b55f2e/sbs_003.jpg__180x180_q85_crop_subsampling-2_upscale.jpg",
            "modified": "2019-01-31T08:32:54.284Z",
            "source": 35
        }
    },
    {
        "model": "easy_thumbnails.thumbnail",
        "pk": 191,
        "fields": {
            "storage_hash": "f9bde26a1556cd667f742bd34ec7c55e",
            "name": "filer_public_thumbnails/filer_public/62/e6/62e69381-42a0-43a2-b545-50d878deb06b/pricing-your-handmade-products.jpg__16x16_q85_crop_subsampling-2_upscale.jpg",
            "modified": "2019-01-31T08:33:29.200Z",
            "source": 36
        }
    },
    {
        "model": "easy_thumbnails.thumbnail",
        "pk": 192,
        "fields": {
            "storage_hash": "f9bde26a1556cd667f742bd34ec7c55e",
            "name": "filer_public_thumbnails/filer_public/62/e6/62e69381-42a0-43a2-b545-50d878deb06b/pricing-your-handmade-products.jpg__32x32_q85_crop_subsampling-2_upscale.jpg",
            "modified": "2019-01-31T08:33:29.250Z",
            "source": 36
        }
    },
    {
        "model": "easy_thumbnails.thumbnail",
        "pk": 193,
        "fields": {
            "storage_hash": "f9bde26a1556cd667f742bd34ec7c55e",
            "name": "filer_public_thumbnails/filer_public/62/e6/62e69381-42a0-43a2-b545-50d878deb06b/pricing-your-handmade-products.jpg__48x48_q85_crop_subsampling-2_upscale.jpg",
            "modified": "2019-01-31T08:33:29.300Z",
            "source": 36
        }
    },
    {
        "model": "easy_thumbnails.thumbnail",
        "pk": 194,
        "fields": {
            "storage_hash": "f9bde26a1556cd667f742bd34ec7c55e",
            "name": "filer_public_thumbnails/filer_public/62/e6/62e69381-42a0-43a2-b545-50d878deb06b/pricing-your-handmade-products.jpg__64x64_q85_crop_subsampling-2_upscale.jpg",
            "modified": "2019-01-31T08:33:29.352Z",
            "source": 36
        }
    },
    {
        "model": "easy_thumbnails.thumbnail",
        "pk": 195,
        "fields": {
            "storage_hash": "f9bde26a1556cd667f742bd34ec7c55e",
            "name": "filer_public_thumbnails/filer_public/62/e6/62e69381-42a0-43a2-b545-50d878deb06b/pricing-your-handmade-products.jpg__180x180_q85_crop_subsampling-2_upscale.jpg",
            "modified": "2019-01-31T08:33:29.408Z",
            "source": 36
        }
    },
    {
        "model": "easy_thumbnails.thumbnail",
        "pk": 196,
        "fields": {
            "storage_hash": "f9bde26a1556cd667f742bd34ec7c55e",
            "name": "filer_public_thumbnails/filer_public/e3/96/e3961f2e-0719-4aab-bb9d-9194f172c829/morgan_hill_poppy_jasper_pendant_tela_formosa_2__grande.jpg__16x16_q85_crop_subsampling-2_upscale.jpg",
            "modified": "2019-01-31T08:34:02.024Z",
            "source": 37
        }
    },
    {
        "model": "easy_thumbnails.thumbnail",
        "pk": 197,
        "fields": {
            "storage_hash": "f9bde26a1556cd667f742bd34ec7c55e",
            "name": "filer_public_thumbnails/filer_public/e3/96/e3961f2e-0719-4aab-bb9d-9194f172c829/morgan_hill_poppy_jasper_pendant_tela_formosa_2__grande.jpg__32x32_q85_crop_subsampling-2_upscale.jpg",
            "modified": "2019-01-31T08:34:02.061Z",
            "source": 37
        }
    },
    {
        "model": "easy_thumbnails.thumbnail",
        "pk": 198,
        "fields": {
            "storage_hash": "f9bde26a1556cd667f742bd34ec7c55e",
            "name": "filer_public_thumbnails/filer_public/e3/96/e3961f2e-0719-4aab-bb9d-9194f172c829/morgan_hill_poppy_jasper_pendant_tela_formosa_2__grande.jpg__48x48_q85_crop_subsampling-2_upscale.jpg",
            "modified": "2019-01-31T08:34:02.128Z",
            "source": 37
        }
    },
    {
        "model": "easy_thumbnails.thumbnail",
        "pk": 199,
        "fields": {
            "storage_hash": "f9bde26a1556cd667f742bd34ec7c55e",
            "name": "filer_public_thumbnails/filer_public/e3/96/e3961f2e-0719-4aab-bb9d-9194f172c829/morgan_hill_poppy_jasper_pendant_tela_formosa_2__grande.jpg__64x64_q85_crop_subsampling-2_upscale.jpg",
            "modified": "2019-01-31T08:34:02.521Z",
            "source": 37
        }
    },
    {
        "model": "easy_thumbnails.thumbnail",
        "pk": 200,
        "fields": {
            "storage_hash": "f9bde26a1556cd667f742bd34ec7c55e",
            "name": "filer_public_thumbnails/filer_public/e3/96/e3961f2e-0719-4aab-bb9d-9194f172c829/morgan_hill_poppy_jasper_pendant_tela_formosa_2__grande.jpg__180x180_q85_crop_subsampling-2_upscale.jpg",
            "modified": "2019-01-31T08:34:02.583Z",
            "source": 37
        }
    },
    {
        "model": "easy_thumbnails.thumbnail",
        "pk": 201,
        "fields": {
            "storage_hash": "f9bde26a1556cd667f742bd34ec7c55e",
            "name": "filer_public_thumbnails/filer_public/5c/26/5c26db43-f498-4ccb-b121-40f08ba52ce9/mall-for-africasm.jpg__16x16_q85_crop_subsampling-2_upscale.jpg",
            "modified": "2019-01-31T08:34:32.920Z",
            "source": 38
        }
    },
    {
        "model": "easy_thumbnails.thumbnail",
        "pk": 202,
        "fields": {
            "storage_hash": "f9bde26a1556cd667f742bd34ec7c55e",
            "name": "filer_public_thumbnails/filer_public/5c/26/5c26db43-f498-4ccb-b121-40f08ba52ce9/mall-for-africasm.jpg__32x32_q85_crop_subsampling-2_upscale.jpg",
            "modified": "2019-01-31T08:34:32.957Z",
            "source": 38
        }
    },
    {
        "model": "easy_thumbnails.thumbnail",
        "pk": 203,
        "fields": {
            "storage_hash": "f9bde26a1556cd667f742bd34ec7c55e",
            "name": "filer_public_thumbnails/filer_public/5c/26/5c26db43-f498-4ccb-b121-40f08ba52ce9/mall-for-africasm.jpg__48x48_q85_crop_subsampling-2_upscale.jpg",
            "modified": "2019-01-31T08:34:32.997Z",
            "source": 38
        }
    },
    {
        "model": "easy_thumbnails.thumbnail",
        "pk": 204,
        "fields": {
            "storage_hash": "f9bde26a1556cd667f742bd34ec7c55e",
            "name": "filer_public_thumbnails/filer_public/5c/26/5c26db43-f498-4ccb-b121-40f08ba52ce9/mall-for-africasm.jpg__64x64_q85_crop_subsampling-2_upscale.jpg",
            "modified": "2019-01-31T08:34:33.036Z",
            "source": 38
        }
    },
    {
        "model": "easy_thumbnails.thumbnail",
        "pk": 205,
        "fields": {
            "storage_hash": "f9bde26a1556cd667f742bd34ec7c55e",
            "name": "filer_public_thumbnails/filer_public/5c/26/5c26db43-f498-4ccb-b121-40f08ba52ce9/mall-for-africasm.jpg__180x180_q85_crop_subsampling-2_upscale.jpg",
            "modified": "2019-01-31T08:34:33.082Z",
            "source": 38
        }
    },
    {
        "model": "easy_thumbnails.thumbnail",
        "pk": 206,
        "fields": {
            "storage_hash": "f9bde26a1556cd667f742bd34ec7c55e",
            "name": "filer_public_thumbnails/filer_public/68/6e/686edd51-7b6b-405e-a80d-bbfd2f2063c6/img_7422.jpg__16x16_q85_crop_subsampling-2_upscale.jpg",
            "modified": "2019-01-31T08:35:06.992Z",
            "source": 39
        }
    },
    {
        "model": "easy_thumbnails.thumbnail",
        "pk": 207,
        "fields": {
            "storage_hash": "f9bde26a1556cd667f742bd34ec7c55e",
            "name": "filer_public_thumbnails/filer_public/68/6e/686edd51-7b6b-405e-a80d-bbfd2f2063c6/img_7422.jpg__32x32_q85_crop_subsampling-2_upscale.jpg",
            "modified": "2019-01-31T08:35:07.261Z",
            "source": 39
        }
    },
    {
        "model": "easy_thumbnails.thumbnail",
        "pk": 208,
        "fields": {
            "storage_hash": "f9bde26a1556cd667f742bd34ec7c55e",
            "name": "filer_public_thumbnails/filer_public/68/6e/686edd51-7b6b-405e-a80d-bbfd2f2063c6/img_7422.jpg__48x48_q85_crop_subsampling-2_upscale.jpg",
            "modified": "2019-01-31T08:35:07.498Z",
            "source": 39
        }
    },
    {
        "model": "easy_thumbnails.thumbnail",
        "pk": 209,
        "fields": {
            "storage_hash": "f9bde26a1556cd667f742bd34ec7c55e",
            "name": "filer_public_thumbnails/filer_public/68/6e/686edd51-7b6b-405e-a80d-bbfd2f2063c6/img_7422.jpg__64x64_q85_crop_subsampling-2_upscale.jpg",
            "modified": "2019-01-31T08:35:07.738Z",
            "source": 39
        }
    },
    {
        "model": "easy_thumbnails.thumbnail",
        "pk": 210,
        "fields": {
            "storage_hash": "f9bde26a1556cd667f742bd34ec7c55e",
            "name": "filer_public_thumbnails/filer_public/68/6e/686edd51-7b6b-405e-a80d-bbfd2f2063c6/img_7422.jpg__180x180_q85_crop_subsampling-2_upscale.jpg",
            "modified": "2019-01-31T08:35:07.983Z",
            "source": 39
        }
    },
    {
        "model": "easy_thumbnails.thumbnail",
        "pk": 211,
        "fields": {
            "storage_hash": "f9bde26a1556cd667f742bd34ec7c55e",
            "name": "filer_public_thumbnails/filer_public/38/03/3803f602-fc1e-4607-be2d-c9b71bd020cf/img_0423_1024x1024.jpg__16x16_q85_crop_subsampling-2_upscale.jpg",
            "modified": "2019-01-31T08:35:35.526Z",
            "source": 40
        }
    },
    {
        "model": "easy_thumbnails.thumbnail",
        "pk": 212,
        "fields": {
            "storage_hash": "f9bde26a1556cd667f742bd34ec7c55e",
            "name": "filer_public_thumbnails/filer_public/38/03/3803f602-fc1e-4607-be2d-c9b71bd020cf/img_0423_1024x1024.jpg__32x32_q85_crop_subsampling-2_upscale.jpg",
            "modified": "2019-01-31T08:35:35.596Z",
            "source": 40
        }
    },
    {
        "model": "easy_thumbnails.thumbnail",
        "pk": 213,
        "fields": {
            "storage_hash": "f9bde26a1556cd667f742bd34ec7c55e",
            "name": "filer_public_thumbnails/filer_public/38/03/3803f602-fc1e-4607-be2d-c9b71bd020cf/img_0423_1024x1024.jpg__48x48_q85_crop_subsampling-2_upscale.jpg",
            "modified": "2019-01-31T08:35:35.640Z",
            "source": 40
        }
    },
    {
        "model": "easy_thumbnails.thumbnail",
        "pk": 214,
        "fields": {
            "storage_hash": "f9bde26a1556cd667f742bd34ec7c55e",
            "name": "filer_public_thumbnails/filer_public/38/03/3803f602-fc1e-4607-be2d-c9b71bd020cf/img_0423_1024x1024.jpg__64x64_q85_crop_subsampling-2_upscale.jpg",
            "modified": "2019-01-31T08:35:35.697Z",
            "source": 40
        }
    },
    {
        "model": "easy_thumbnails.thumbnail",
        "pk": 215,
        "fields": {
            "storage_hash": "f9bde26a1556cd667f742bd34ec7c55e",
            "name": "filer_public_thumbnails/filer_public/38/03/3803f602-fc1e-4607-be2d-c9b71bd020cf/img_0423_1024x1024.jpg__180x180_q85_crop_subsampling-2_upscale.jpg",
            "modified": "2019-01-31T08:35:35.755Z",
            "source": 40
        }
    },
    {
        "model": "easy_thumbnails.thumbnail",
        "pk": 216,
        "fields": {
            "storage_hash": "f9bde26a1556cd667f742bd34ec7c55e",
            "name": "filer_public_thumbnails/filer_public/0b/ef/0bef6a9f-a2e5-4d7d-8090-7298097dfa66/images_12.jpeg__16x16_q85_crop_subsampling-2_upscale.jpg",
            "modified": "2019-01-31T08:36:04.806Z",
            "source": 41
        }
    },
    {
        "model": "easy_thumbnails.thumbnail",
        "pk": 217,
        "fields": {
            "storage_hash": "f9bde26a1556cd667f742bd34ec7c55e",
            "name": "filer_public_thumbnails/filer_public/0b/ef/0bef6a9f-a2e5-4d7d-8090-7298097dfa66/images_12.jpeg__32x32_q85_crop_subsampling-2_upscale.jpg",
            "modified": "2019-01-31T08:36:04.854Z",
            "source": 41
        }
    },
    {
        "model": "easy_thumbnails.thumbnail",
        "pk": 218,
        "fields": {
            "storage_hash": "f9bde26a1556cd667f742bd34ec7c55e",
            "name": "filer_public_thumbnails/filer_public/0b/ef/0bef6a9f-a2e5-4d7d-8090-7298097dfa66/images_12.jpeg__48x48_q85_crop_subsampling-2_upscale.jpg",
            "modified": "2019-01-31T08:36:04.892Z",
            "source": 41
        }
    },
    {
        "model": "easy_thumbnails.thumbnail",
        "pk": 219,
        "fields": {
            "storage_hash": "f9bde26a1556cd667f742bd34ec7c55e",
            "name": "filer_public_thumbnails/filer_public/0b/ef/0bef6a9f-a2e5-4d7d-8090-7298097dfa66/images_12.jpeg__64x64_q85_crop_subsampling-2_upscale.jpg",
            "modified": "2019-01-31T08:36:04.934Z",
            "source": 41
        }
    },
    {
        "model": "easy_thumbnails.thumbnail",
        "pk": 220,
        "fields": {
            "storage_hash": "f9bde26a1556cd667f742bd34ec7c55e",
            "name": "filer_public_thumbnails/filer_public/0b/ef/0bef6a9f-a2e5-4d7d-8090-7298097dfa66/images_12.jpeg__180x180_q85_crop_subsampling-2_upscale.jpg",
            "modified": "2019-01-31T08:36:04.974Z",
            "source": 41
        }
    },
    {
        "model": "easy_thumbnails.thumbnail",
        "pk": 221,
        "fields": {
            "storage_hash": "f9bde26a1556cd667f742bd34ec7c55e",
            "name": "filer_public_thumbnails/filer_public/53/49/5349595f-e05b-4162-a5f4-66894ca00685/images_11.jpeg__16x16_q85_crop_subsampling-2_upscale.jpg",
            "modified": "2019-01-31T08:36:44.335Z",
            "source": 42
        }
    },
    {
        "model": "easy_thumbnails.thumbnail",
        "pk": 222,
        "fields": {
            "storage_hash": "f9bde26a1556cd667f742bd34ec7c55e",
            "name": "filer_public_thumbnails/filer_public/53/49/5349595f-e05b-4162-a5f4-66894ca00685/images_11.jpeg__32x32_q85_crop_subsampling-2_upscale.jpg",
            "modified": "2019-01-31T08:36:44.359Z",
            "source": 42
        }
    },
    {
        "model": "easy_thumbnails.thumbnail",
        "pk": 223,
        "fields": {
            "storage_hash": "f9bde26a1556cd667f742bd34ec7c55e",
            "name": "filer_public_thumbnails/filer_public/53/49/5349595f-e05b-4162-a5f4-66894ca00685/images_11.jpeg__48x48_q85_crop_subsampling-2_upscale.jpg",
            "modified": "2019-01-31T08:36:44.386Z",
            "source": 42
        }
    },
    {
        "model": "easy_thumbnails.thumbnail",
        "pk": 224,
        "fields": {
            "storage_hash": "f9bde26a1556cd667f742bd34ec7c55e",
            "name": "filer_public_thumbnails/filer_public/53/49/5349595f-e05b-4162-a5f4-66894ca00685/images_11.jpeg__64x64_q85_crop_subsampling-2_upscale.jpg",
            "modified": "2019-01-31T08:36:44.415Z",
            "source": 42
        }
    },
    {
        "model": "easy_thumbnails.thumbnail",
        "pk": 225,
        "fields": {
            "storage_hash": "f9bde26a1556cd667f742bd34ec7c55e",
            "name": "filer_public_thumbnails/filer_public/53/49/5349595f-e05b-4162-a5f4-66894ca00685/images_11.jpeg__180x180_q85_crop_subsampling-2_upscale.jpg",
            "modified": "2019-01-31T08:36:44.452Z",
            "source": 42
        }
    },
    {
        "model": "easy_thumbnails.thumbnail",
        "pk": 226,
        "fields": {
            "storage_hash": "f9bde26a1556cd667f742bd34ec7c55e",
            "name": "filer_public_thumbnails/filer_public/1f/46/1f465ccb-b757-4910-af56-f18edc091f50/images_2.jpeg__16x16_q85_crop_subsampling-2_upscale.jpg",
            "modified": "2019-01-31T08:37:22.552Z",
            "source": 43
        }
    },
    {
        "model": "easy_thumbnails.thumbnail",
        "pk": 227,
        "fields": {
            "storage_hash": "f9bde26a1556cd667f742bd34ec7c55e",
            "name": "filer_public_thumbnails/filer_public/1f/46/1f465ccb-b757-4910-af56-f18edc091f50/images_2.jpeg__32x32_q85_crop_subsampling-2_upscale.jpg",
            "modified": "2019-01-31T08:37:22.573Z",
            "source": 43
        }
    },
    {
        "model": "easy_thumbnails.thumbnail",
        "pk": 228,
        "fields": {
            "storage_hash": "f9bde26a1556cd667f742bd34ec7c55e",
            "name": "filer_public_thumbnails/filer_public/1f/46/1f465ccb-b757-4910-af56-f18edc091f50/images_2.jpeg__48x48_q85_crop_subsampling-2_upscale.jpg",
            "modified": "2019-01-31T08:37:22.590Z",
            "source": 43
        }
    },
    {
        "model": "easy_thumbnails.thumbnail",
        "pk": 229,
        "fields": {
            "storage_hash": "f9bde26a1556cd667f742bd34ec7c55e",
            "name": "filer_public_thumbnails/filer_public/1f/46/1f465ccb-b757-4910-af56-f18edc091f50/images_2.jpeg__64x64_q85_crop_subsampling-2_upscale.jpg",
            "modified": "2019-01-31T08:37:22.607Z",
            "source": 43
        }
    },
    {
        "model": "easy_thumbnails.thumbnail",
        "pk": 230,
        "fields": {
            "storage_hash": "f9bde26a1556cd667f742bd34ec7c55e",
            "name": "filer_public_thumbnails/filer_public/1f/46/1f465ccb-b757-4910-af56-f18edc091f50/images_2.jpeg__180x180_q85_crop_subsampling-2_upscale.jpg",
            "modified": "2019-01-31T08:37:22.630Z",
            "source": 43
        }
    },
    {
        "model": "easy_thumbnails.thumbnail",
        "pk": 231,
        "fields": {
            "storage_hash": "f9bde26a1556cd667f742bd34ec7c55e",
            "name": "filer_public_thumbnails/filer_public/5f/80/5f806f06-c60f-42a4-8837-16e3cc7fdfe0/images_1.jpeg__16x16_q85_crop_subsampling-2_upscale.jpg",
            "modified": "2019-01-31T08:37:48.293Z",
            "source": 44
        }
    },
    {
        "model": "easy_thumbnails.thumbnail",
        "pk": 232,
        "fields": {
            "storage_hash": "f9bde26a1556cd667f742bd34ec7c55e",
            "name": "filer_public_thumbnails/filer_public/5f/80/5f806f06-c60f-42a4-8837-16e3cc7fdfe0/images_1.jpeg__32x32_q85_crop_subsampling-2_upscale.jpg",
            "modified": "2019-01-31T08:37:48.342Z",
            "source": 44
        }
    },
    {
        "model": "easy_thumbnails.thumbnail",
        "pk": 233,
        "fields": {
            "storage_hash": "f9bde26a1556cd667f742bd34ec7c55e",
            "name": "filer_public_thumbnails/filer_public/5f/80/5f806f06-c60f-42a4-8837-16e3cc7fdfe0/images_1.jpeg__48x48_q85_crop_subsampling-2_upscale.jpg",
            "modified": "2019-01-31T08:37:48.379Z",
            "source": 44
        }
    },
    {
        "model": "easy_thumbnails.thumbnail",
        "pk": 234,
        "fields": {
            "storage_hash": "f9bde26a1556cd667f742bd34ec7c55e",
            "name": "filer_public_thumbnails/filer_public/5f/80/5f806f06-c60f-42a4-8837-16e3cc7fdfe0/images_1.jpeg__64x64_q85_crop_subsampling-2_upscale.jpg",
            "modified": "2019-01-31T08:37:48.420Z",
            "source": 44
        }
    },
    {
        "model": "easy_thumbnails.thumbnail",
        "pk": 235,
        "fields": {
            "storage_hash": "f9bde26a1556cd667f742bd34ec7c55e",
            "name": "filer_public_thumbnails/filer_public/5f/80/5f806f06-c60f-42a4-8837-16e3cc7fdfe0/images_1.jpeg__180x180_q85_crop_subsampling-2_upscale.jpg",
            "modified": "2019-01-31T08:37:48.470Z",
            "source": 44
        }
    },
    {
        "model": "easy_thumbnails.thumbnail",
        "pk": 236,
        "fields": {
            "storage_hash": "f9bde26a1556cd667f742bd34ec7c55e",
            "name": "filer_public_thumbnails/filer_public/90/d9/90d967aa-4917-47cd-a23f-c5fa40e66899/handmade-4-us.jpg__16x16_q85_crop_subsampling-2_upscale.jpg",
            "modified": "2019-01-31T08:38:20.618Z",
            "source": 45
        }
    },
    {
        "model": "easy_thumbnails.thumbnail",
        "pk": 237,
        "fields": {
            "storage_hash": "f9bde26a1556cd667f742bd34ec7c55e",
            "name": "filer_public_thumbnails/filer_public/90/d9/90d967aa-4917-47cd-a23f-c5fa40e66899/handmade-4-us.jpg__32x32_q85_crop_subsampling-2_upscale.jpg",
            "modified": "2019-01-31T08:38:20.658Z",
            "source": 45
        }
    },
    {
        "model": "easy_thumbnails.thumbnail",
        "pk": 238,
        "fields": {
            "storage_hash": "f9bde26a1556cd667f742bd34ec7c55e",
            "name": "filer_public_thumbnails/filer_public/90/d9/90d967aa-4917-47cd-a23f-c5fa40e66899/handmade-4-us.jpg__48x48_q85_crop_subsampling-2_upscale.jpg",
            "modified": "2019-01-31T08:38:20.686Z",
            "source": 45
        }
    },
    {
        "model": "easy_thumbnails.thumbnail",
        "pk": 239,
        "fields": {
            "storage_hash": "f9bde26a1556cd667f742bd34ec7c55e",
            "name": "filer_public_thumbnails/filer_public/90/d9/90d967aa-4917-47cd-a23f-c5fa40e66899/handmade-4-us.jpg__64x64_q85_crop_subsampling-2_upscale.jpg",
            "modified": "2019-01-31T08:38:20.721Z",
            "source": 45
        }
    },
    {
        "model": "easy_thumbnails.thumbnail",
        "pk": 240,
        "fields": {
            "storage_hash": "f9bde26a1556cd667f742bd34ec7c55e",
            "name": "filer_public_thumbnails/filer_public/90/d9/90d967aa-4917-47cd-a23f-c5fa40e66899/handmade-4-us.jpg__180x180_q85_crop_subsampling-2_upscale.jpg",
            "modified": "2019-01-31T08:38:20.757Z",
            "source": 45
        }
    },
    {
        "model": "easy_thumbnails.thumbnail",
        "pk": 241,
        "fields": {
            "storage_hash": "f9bde26a1556cd667f742bd34ec7c55e",
            "name": "filer_public_thumbnails/filer_public/9e/c6/9ec66bf7-d0ef-4165-a077-f14f154920a5/a664b01b4dafa222a529e4754d891b9a.jpg__16x16_q85_crop_subsampling-2_upscale.jpg",
            "modified": "2019-01-31T08:39:00.181Z",
            "source": 46
        }
    },
    {
        "model": "easy_thumbnails.thumbnail",
        "pk": 242,
        "fields": {
            "storage_hash": "f9bde26a1556cd667f742bd34ec7c55e",
            "name": "filer_public_thumbnails/filer_public/9e/c6/9ec66bf7-d0ef-4165-a077-f14f154920a5/a664b01b4dafa222a529e4754d891b9a.jpg__32x32_q85_crop_subsampling-2_upscale.jpg",
            "modified": "2019-01-31T08:39:00.251Z",
            "source": 46
        }
    },
    {
        "model": "easy_thumbnails.thumbnail",
        "pk": 243,
        "fields": {
            "storage_hash": "f9bde26a1556cd667f742bd34ec7c55e",
            "name": "filer_public_thumbnails/filer_public/9e/c6/9ec66bf7-d0ef-4165-a077-f14f154920a5/a664b01b4dafa222a529e4754d891b9a.jpg__48x48_q85_crop_subsampling-2_upscale.jpg",
            "modified": "2019-01-31T08:39:00.288Z",
            "source": 46
        }
    },
    {
        "model": "easy_thumbnails.thumbnail",
        "pk": 244,
        "fields": {
            "storage_hash": "f9bde26a1556cd667f742bd34ec7c55e",
            "name": "filer_public_thumbnails/filer_public/9e/c6/9ec66bf7-d0ef-4165-a077-f14f154920a5/a664b01b4dafa222a529e4754d891b9a.jpg__64x64_q85_crop_subsampling-2_upscale.jpg",
            "modified": "2019-01-31T08:39:00.327Z",
            "source": 46
        }
    },
    {
        "model": "easy_thumbnails.thumbnail",
        "pk": 245,
        "fields": {
            "storage_hash": "f9bde26a1556cd667f742bd34ec7c55e",
            "name": "filer_public_thumbnails/filer_public/9e/c6/9ec66bf7-d0ef-4165-a077-f14f154920a5/a664b01b4dafa222a529e4754d891b9a.jpg__180x180_q85_crop_subsampling-2_upscale.jpg",
            "modified": "2019-01-31T08:39:00.414Z",
            "source": 46
        }
    },
    {
        "model": "easy_thumbnails.thumbnail",
        "pk": 246,
        "fields": {
            "storage_hash": "f9bde26a1556cd667f742bd34ec7c55e",
            "name": "filer_public_thumbnails/filer_public/9d/b7/9db7de66-208e-4327-bc6c-f46e633267c8/71krzfruwhl_sx355_.jpg__16x16_q85_crop_subsampling-2_upscale.jpg",
            "modified": "2019-01-31T08:39:44.447Z",
            "source": 47
        }
    },
    {
        "model": "easy_thumbnails.thumbnail",
        "pk": 247,
        "fields": {
            "storage_hash": "f9bde26a1556cd667f742bd34ec7c55e",
            "name": "filer_public_thumbnails/filer_public/9d/b7/9db7de66-208e-4327-bc6c-f46e633267c8/71krzfruwhl_sx355_.jpg__32x32_q85_crop_subsampling-2_upscale.jpg",
            "modified": "2019-01-31T08:39:44.501Z",
            "source": 47
        }
    },
    {
        "model": "easy_thumbnails.thumbnail",
        "pk": 248,
        "fields": {
            "storage_hash": "f9bde26a1556cd667f742bd34ec7c55e",
            "name": "filer_public_thumbnails/filer_public/9d/b7/9db7de66-208e-4327-bc6c-f46e633267c8/71krzfruwhl_sx355_.jpg__48x48_q85_crop_subsampling-2_upscale.jpg",
            "modified": "2019-01-31T08:39:44.523Z",
            "source": 47
        }
    },
    {
        "model": "easy_thumbnails.thumbnail",
        "pk": 249,
        "fields": {
            "storage_hash": "f9bde26a1556cd667f742bd34ec7c55e",
            "name": "filer_public_thumbnails/filer_public/9d/b7/9db7de66-208e-4327-bc6c-f46e633267c8/71krzfruwhl_sx355_.jpg__64x64_q85_crop_subsampling-2_upscale.jpg",
            "modified": "2019-01-31T08:39:44.550Z",
            "source": 47
        }
    },
    {
        "model": "easy_thumbnails.thumbnail",
        "pk": 250,
        "fields": {
            "storage_hash": "f9bde26a1556cd667f742bd34ec7c55e",
            "name": "filer_public_thumbnails/filer_public/9d/b7/9db7de66-208e-4327-bc6c-f46e633267c8/71krzfruwhl_sx355_.jpg__180x180_q85_crop_subsampling-2_upscale.jpg",
            "modified": "2019-01-31T08:39:44.581Z",
            "source": 47
        }
    },
    {
        "model": "easy_thumbnails.thumbnail",
        "pk": 251,
        "fields": {
            "storage_hash": "f9bde26a1556cd667f742bd34ec7c55e",
            "name": "filer_public_thumbnails/filer_public/23/80/238007de-62c0-4a84-b837-d89568d04ffa/0b0821c70e72d9c0ed59d908eb0d85fd.jpg__16x16_q85_crop_subsampling-2_upscale.jpg",
            "modified": "2019-01-31T08:40:25.312Z",
            "source": 48
        }
    },
    {
        "model": "easy_thumbnails.thumbnail",
        "pk": 252,
        "fields": {
            "storage_hash": "f9bde26a1556cd667f742bd34ec7c55e",
            "name": "filer_public_thumbnails/filer_public/23/80/238007de-62c0-4a84-b837-d89568d04ffa/0b0821c70e72d9c0ed59d908eb0d85fd.jpg__32x32_q85_crop_subsampling-2_upscale.jpg",
            "modified": "2019-01-31T08:40:25.362Z",
            "source": 48
        }
    },
    {
        "model": "easy_thumbnails.thumbnail",
        "pk": 253,
        "fields": {
            "storage_hash": "f9bde26a1556cd667f742bd34ec7c55e",
            "name": "filer_public_thumbnails/filer_public/23/80/238007de-62c0-4a84-b837-d89568d04ffa/0b0821c70e72d9c0ed59d908eb0d85fd.jpg__48x48_q85_crop_subsampling-2_upscale.jpg",
            "modified": "2019-01-31T08:40:25.391Z",
            "source": 48
        }
    },
    {
        "model": "easy_thumbnails.thumbnail",
        "pk": 254,
        "fields": {
            "storage_hash": "f9bde26a1556cd667f742bd34ec7c55e",
            "name": "filer_public_thumbnails/filer_public/23/80/238007de-62c0-4a84-b837-d89568d04ffa/0b0821c70e72d9c0ed59d908eb0d85fd.jpg__64x64_q85_crop_subsampling-2_upscale.jpg",
            "modified": "2019-01-31T08:40:25.434Z",
            "source": 48
        }
    },
    {
        "model": "easy_thumbnails.thumbnail",
        "pk": 255,
        "fields": {
            "storage_hash": "f9bde26a1556cd667f742bd34ec7c55e",
            "name": "filer_public_thumbnails/filer_public/23/80/238007de-62c0-4a84-b837-d89568d04ffa/0b0821c70e72d9c0ed59d908eb0d85fd.jpg__180x180_q85_crop_subsampling-2_upscale.jpg",
            "modified": "2019-01-31T08:40:25.512Z",
            "source": 48
        }
    },
    {
        "model": "djangocms_snippet.snippet",
        "pk": 1,
        "fields": {
            "name": "fast icon",
            "html": "<div class=\"text-center\" style=\"font-size:2em;color:grey;\">\r\n    \r\n<i class=\"fas fa-shipping-fast\"></i>\r\n</div>",
            "template": "",
            "slug": "fast-icon"
        }
    },
    {
        "model": "djangocms_snippet.snippet",
        "pk": 2,
        "fields": {
            "name": "thumbs-up",
            "html": "<div class=\"text-center\" style=\"font-size:2em;color:grey;\">\r\n    \r\n<i class=\"fas fa-thumbs-up\"></i>\r\n</div>",
            "template": "",
            "slug": "thumbs-"
        }
    },
    {
        "model": "djangocms_snippet.snippet",
        "pk": 3,
        "fields": {
            "name": "money",
            "html": "<div class=\"text-center\" style=\"font-size:2em;color:grey;\">\r\n    \r\n<i class=\"fas fa-money-bill-wave\"></i>\r\n</div>",
            "template": "",
            "slug": "money"
        }
    },
    {
        "model": "djangocms_snippet.snippetptr",
        "pk": 416,
        "fields": {
            "snippet": 1
        }
    },
    {
        "model": "djangocms_snippet.snippetptr",
        "pk": 422,
        "fields": {
            "snippet": 3
        }
    },
    {
        "model": "djangocms_snippet.snippetptr",
        "pk": 425,
        "fields": {
            "snippet": 2
        }
    },
    {
        "model": "djangocms_snippet.snippetptr",
        "pk": 650,
        "fields": {
            "snippet": 1
        }
    },
    {
        "model": "djangocms_snippet.snippetptr",
        "pk": 653,
        "fields": {
            "snippet": 3
        }
    },
    {
        "model": "djangocms_snippet.snippetptr",
        "pk": 656,
        "fields": {
            "snippet": 2
        }
    },
    {
        "model": "djangocms_googlemap.googlemap",
        "pk": 437,
        "fields": {
            "template": "default",
            "title": "",
            "width": "100%",
            "height": "400px",
            "style": "",
            "lat": 44.968046,
            "lng": -94.420307,
            "zoom": 13,
            "map_type_control": "ROADMAP",
            "zoom_control": true,
            "street_view_control": true,
            "rotate_control": true,
            "scale_control": true,
            "fullscreen_control": true,
            "pan_control": true,
            "double_click_zoom": true,
            "draggable": true,
            "keyboard_shortcuts": true,
            "scrollwheel": true
        }
    },
    {
        "model": "djangocms_googlemap.googlemap",
        "pk": 669,
        "fields": {
            "template": "default",
            "title": "",
            "width": "100%",
            "height": "400px",
            "style": "",
            "lat": 44.968046,
            "lng": -94.420307,
            "zoom": 13,
            "map_type_control": "ROADMAP",
            "zoom_control": true,
            "street_view_control": true,
            "rotate_control": true,
            "scale_control": true,
            "fullscreen_control": true,
            "pan_control": true,
            "double_click_zoom": true,
            "draggable": true,
            "keyboard_shortcuts": true,
            "scrollwheel": true
        }
    },
    {
        "model": "djangocms_video.videoplayer",
        "pk": 405,
        "fields": {
            "template": "default",
            "label": "",
            "embed_link": "//www.youtube.com/embed/SEq93mTvF4c",
            "parameters": {},
            "poster": null,
            "attributes": {}
        }
    },
    {
        "model": "djangocms_video.videoplayer",
        "pk": 409,
        "fields": {
            "template": "default",
            "label": "",
            "embed_link": "//www.youtube.com/embed/xcxy9EQ2iiU",
            "parameters": {},
            "poster": null,
            "attributes": {}
        }
    },
    {
        "model": "djangocms_video.videoplayer",
        "pk": 645,
        "fields": {
            "template": "default",
            "label": "",
            "embed_link": "//www.youtube.com/embed/SEq93mTvF4c",
            "parameters": {},
            "poster": null,
            "attributes": {}
        }
    },
    {
        "model": "djangocms_video.videoplayer",
        "pk": 647,
        "fields": {
            "template": "default",
            "label": "",
            "embed_link": "//www.youtube.com/embed/xcxy9EQ2iiU",
            "parameters": {},
            "poster": null,
            "attributes": {}
        }
    },
    {
        "model": "djangocms_icon.icon",
        "pk": 18,
        "fields": {
            "icon": "far fa-copyright",
            "template": "default",
            "label": "copyright",
            "attributes": {}
        }
    },
    {
        "model": "djangocms_icon.icon",
        "pk": 251,
        "fields": {
            "icon": "far fa-copyright",
            "template": "default",
            "label": "copyright",
            "attributes": {}
        }
    },
    {
        "model": "djangocms_icon.icon",
        "pk": 323,
        "fields": {
            "icon": "far fa-copyright",
            "template": "default",
            "label": "copyright",
            "attributes": {}
        }
    },
    {
        "model": "djangocms_icon.icon",
        "pk": 395,
        "fields": {
            "icon": "far fa-copyright",
            "template": "default",
            "label": "copyright",
            "attributes": {}
        }
    },
    {
        "model": "bootstrap4_card.bootstrap4card",
        "pk": 337,
        "fields": {
            "card_type": "card",
            "card_context": "",
            "card_alignment": "text-center",
            "card_outline": false,
            "card_text_color": "",
            "tag_type": "div",
            "attributes": {
                "class": "card-shadow"
            }
        }
    },
    {
        "model": "bootstrap4_card.bootstrap4card",
        "pk": 351,
        "fields": {
            "card_type": "card",
            "card_context": "",
            "card_alignment": "text-center",
            "card_outline": false,
            "card_text_color": "",
            "tag_type": "div",
            "attributes": {
                "class": "card-shadow"
            }
        }
    },
    {
        "model": "bootstrap4_card.bootstrap4card",
        "pk": 358,
        "fields": {
            "card_type": "card",
            "card_context": "",
            "card_alignment": "text-center",
            "card_outline": false,
            "card_text_color": "",
            "tag_type": "div",
            "attributes": {
                "class": "card-shadow"
            }
        }
    },
    {
        "model": "bootstrap4_card.bootstrap4card",
        "pk": 591,
        "fields": {
            "card_type": "card",
            "card_context": "",
            "card_alignment": "text-left",
            "card_outline": false,
            "card_text_color": "",
            "tag_type": "div",
            "attributes": {
                "class": "card-shadow"
            }
        }
    },
    {
        "model": "bootstrap4_card.bootstrap4card",
        "pk": 598,
        "fields": {
            "card_type": "card",
            "card_context": "",
            "card_alignment": "text-left",
            "card_outline": false,
            "card_text_color": "",
            "tag_type": "div",
            "attributes": {
                "class": "card-shadow"
            }
        }
    },
    {
        "model": "bootstrap4_card.bootstrap4card",
        "pk": 620,
        "fields": {
            "card_type": "card",
            "card_context": "",
            "card_alignment": "text-center",
            "card_outline": false,
            "card_text_color": "",
            "tag_type": "div",
            "attributes": {
                "class": "card-shadow"
            }
        }
    },
    {
        "model": "bootstrap4_card.bootstrap4card",
        "pk": 627,
        "fields": {
            "card_type": "card",
            "card_context": "",
            "card_alignment": "text-center",
            "card_outline": false,
            "card_text_color": "",
            "tag_type": "div",
            "attributes": {
                "class": "card-shadow"
            }
        }
    },
    {
        "model": "bootstrap4_card.bootstrap4card",
        "pk": 634,
        "fields": {
            "card_type": "card",
            "card_context": "",
            "card_alignment": "text-center",
            "card_outline": false,
            "card_text_color": "",
            "tag_type": "div",
            "attributes": {
                "class": "card-shadow"
            }
        }
    },
    {
        "model": "bootstrap4_card.bootstrap4card",
        "pk": 682,
        "fields": {
            "card_type": "card",
            "card_context": "",
            "card_alignment": "text-left",
            "card_outline": false,
            "card_text_color": "",
            "tag_type": "div",
            "attributes": {
                "class": "card-shadow"
            }
        }
    },
    {
        "model": "bootstrap4_card.bootstrap4cardinner",
        "pk": 338,
        "fields": {
            "inner_type": "card-body",
            "tag_type": "div",
            "attributes": {}
        }
    },
    {
        "model": "bootstrap4_card.bootstrap4cardinner",
        "pk": 341,
        "fields": {
            "inner_type": "card-footer",
            "tag_type": "div",
            "attributes": {}
        }
    },
    {
        "model": "bootstrap4_card.bootstrap4cardinner",
        "pk": 352,
        "fields": {
            "inner_type": "card-body",
            "tag_type": "div",
            "attributes": {}
        }
    },
    {
        "model": "bootstrap4_card.bootstrap4cardinner",
        "pk": 355,
        "fields": {
            "inner_type": "card-footer",
            "tag_type": "div",
            "attributes": {}
        }
    },
    {
        "model": "bootstrap4_card.bootstrap4cardinner",
        "pk": 359,
        "fields": {
            "inner_type": "card-body",
            "tag_type": "div",
            "attributes": {}
        }
    },
    {
        "model": "bootstrap4_card.bootstrap4cardinner",
        "pk": 362,
        "fields": {
            "inner_type": "card-footer",
            "tag_type": "div",
            "attributes": {}
        }
    },
    {
        "model": "bootstrap4_card.bootstrap4cardinner",
        "pk": 592,
        "fields": {
            "inner_type": "card-body",
            "tag_type": "div",
            "attributes": {}
        }
    },
    {
        "model": "bootstrap4_card.bootstrap4cardinner",
        "pk": 599,
        "fields": {
            "inner_type": "card-body",
            "tag_type": "div",
            "attributes": {}
        }
    },
    {
        "model": "bootstrap4_card.bootstrap4cardinner",
        "pk": 621,
        "fields": {
            "inner_type": "card-body",
            "tag_type": "div",
            "attributes": {}
        }
    },
    {
        "model": "bootstrap4_card.bootstrap4cardinner",
        "pk": 624,
        "fields": {
            "inner_type": "card-footer",
            "tag_type": "div",
            "attributes": {}
        }
    },
    {
        "model": "bootstrap4_card.bootstrap4cardinner",
        "pk": 628,
        "fields": {
            "inner_type": "card-body",
            "tag_type": "div",
            "attributes": {}
        }
    },
    {
        "model": "bootstrap4_card.bootstrap4cardinner",
        "pk": 631,
        "fields": {
            "inner_type": "card-footer",
            "tag_type": "div",
            "attributes": {}
        }
    },
    {
        "model": "bootstrap4_card.bootstrap4cardinner",
        "pk": 635,
        "fields": {
            "inner_type": "card-body",
            "tag_type": "div",
            "attributes": {}
        }
    },
    {
        "model": "bootstrap4_card.bootstrap4cardinner",
        "pk": 638,
        "fields": {
            "inner_type": "card-footer",
            "tag_type": "div",
            "attributes": {}
        }
    },
    {
        "model": "bootstrap4_card.bootstrap4cardinner",
        "pk": 683,
        "fields": {
            "inner_type": "card-body",
            "tag_type": "div",
            "attributes": {}
        }
    },
    {
        "model": "bootstrap4_carousel.bootstrap4carousel",
        "pk": 324,
        "fields": {
            "template": "default",
            "carousel_interval": 5000,
            "carousel_controls": true,
            "carousel_indicators": true,
            "carousel_keyboard": true,
            "carousel_pause": "hover",
            "carousel_ride": "carousel",
            "carousel_wrap": true,
            "carousel_aspect_ratio": "21x9",
            "tag_type": "div",
            "attributes": {}
        }
    },
    {
        "model": "bootstrap4_carousel.bootstrap4carousel",
        "pk": 610,
        "fields": {
            "template": "default",
            "carousel_interval": 5000,
            "carousel_controls": true,
            "carousel_indicators": true,
            "carousel_keyboard": true,
            "carousel_pause": "hover",
            "carousel_ride": "carousel",
            "carousel_wrap": true,
            "carousel_aspect_ratio": "21x9",
            "tag_type": "div",
            "attributes": {}
        }
    },
    {
        "model": "bootstrap4_carousel.bootstrap4carouselslide",
        "pk": 325,
        "fields": {
            "template": "default",
            "name": "",
            "external_link": "",
            "internal_link": 1,
            "anchor": "",
            "mailto": "",
            "phone": "",
            "target": "_self",
            "attributes": {},
            "carousel_image": 27,
            "carousel_content": "<h2 style=\"text-align: center;\">\u00a0 \u00a0 \u00a0 \u00a0</h2>\n\n<h2 style=\"text-align: center;\"><span style=\"color: #c0392b;\"><strong><em><span style=\"background-color: #bdc3c7;\">\u00a0 Precious Gifts for your precious ones\u00a0\u00a0</span></em></strong></span></h2>\n\n<p>\u00a0</p>\n\n<p>\u00a0</p>\n\n<p>\u00a0</p>",
            "tag_type": "div"
        }
    },
    {
        "model": "bootstrap4_carousel.bootstrap4carouselslide",
        "pk": 326,
        "fields": {
            "template": "default",
            "name": "",
            "external_link": "",
            "internal_link": 8,
            "anchor": "",
            "mailto": "",
            "phone": "",
            "target": "_self",
            "attributes": {},
            "carousel_image": 28,
            "carousel_content": "<h2 style=\"text-align: center;\">\u00a0 \u00a0 \u00a0 \u00a0</h2>\n\n<h2 style=\"text-align: center;\"><strong style=\"\"><em style=\"\"><span style=\"background-color: rgb(189, 195, 199);\"><font color=\"#9b59b6\">\u00a0 Hand made products, delicately made with love</font><font color=\"#c0392b\">\u00a0 \u00a0</font></span></em></strong></h2>\n\n<p>\u00a0</p>\n\n<p>\u00a0</p>\n\n<p>\u00a0</p>",
            "tag_type": "div"
        }
    },
    {
        "model": "bootstrap4_carousel.bootstrap4carouselslide",
        "pk": 327,
        "fields": {
            "template": "default",
            "name": "",
            "external_link": "",
            "internal_link": 1,
            "anchor": "",
            "mailto": "",
            "phone": "",
            "target": "_self",
            "attributes": {},
            "carousel_image": 29,
            "carousel_content": "<h2>\u00a0 \u00a0 \u00a0 \u00a0</h2>\n\n<h2 style=\"text-align: center;\"><strong><em><span style=\"background-color: #bdc3c7;\">\u00a0<span style=\"color: #2980b9;\">\u00a0Products crafted by artists\u00a0\u00a0</span></span></em></strong></h2>\n\n<p>\u00a0</p>\n\n<p>\u00a0</p>\n\n<p>\u00a0</p>",
            "tag_type": "div"
        }
    },
    {
        "model": "bootstrap4_carousel.bootstrap4carouselslide",
        "pk": 611,
        "fields": {
            "template": "default",
            "name": "",
            "external_link": "",
            "internal_link": 1,
            "anchor": "",
            "mailto": "",
            "phone": "",
            "target": "_self",
            "attributes": {},
            "carousel_image": 27,
            "carousel_content": "<h2 style=\"text-align: center;\">\u00a0 \u00a0 \u00a0 \u00a0</h2>\n\n<h2 style=\"text-align: center;\"><span style=\"color: #c0392b;\"><strong><em><span style=\"background-color: #bdc3c7;\">\u00a0 Precious Gifts for your precious ones\u00a0\u00a0</span></em></strong></span></h2>\n\n<p>\u00a0</p>\n\n<p>\u00a0</p>\n\n<p>\u00a0</p>",
            "tag_type": "div"
        }
    },
    {
        "model": "bootstrap4_carousel.bootstrap4carouselslide",
        "pk": 612,
        "fields": {
            "template": "default",
            "name": "",
            "external_link": "",
            "internal_link": 8,
            "anchor": "",
            "mailto": "",
            "phone": "",
            "target": "_self",
            "attributes": {},
            "carousel_image": 28,
            "carousel_content": "<h2 style=\"text-align: center;\">\u00a0 \u00a0 \u00a0 \u00a0</h2>\n\n<h2 style=\"text-align: center;\"><strong style=\"\"><em style=\"\"><span style=\"background-color: rgb(189, 195, 199);\"><font color=\"#9b59b6\">\u00a0 Hand made products, delicately made with love</font><font color=\"#c0392b\">\u00a0 \u00a0</font></span></em></strong></h2>\n\n<p>\u00a0</p>\n\n<p>\u00a0</p>\n\n<p>\u00a0</p>",
            "tag_type": "div"
        }
    },
    {
        "model": "bootstrap4_carousel.bootstrap4carouselslide",
        "pk": 613,
        "fields": {
            "template": "default",
            "name": "",
            "external_link": "",
            "internal_link": 1,
            "anchor": "",
            "mailto": "",
            "phone": "",
            "target": "_self",
            "attributes": {},
            "carousel_image": 29,
            "carousel_content": "<h2>\u00a0 \u00a0 \u00a0 \u00a0</h2>\n\n<h2 style=\"text-align: center;\"><strong><em><span style=\"background-color: #bdc3c7;\">\u00a0<span style=\"color: #2980b9;\">\u00a0Products crafted by artists\u00a0\u00a0</span></span></em></strong></h2>\n\n<p>\u00a0</p>\n\n<p>\u00a0</p>\n\n<p>\u00a0</p>",
            "tag_type": "div"
        }
    },
    {
        "model": "bootstrap4_grid.bootstrap4gridcontainer",
        "pk": 1,
        "fields": {
            "container_type": "container",
            "tag_type": "div",
            "attributes": {}
        }
    },
    {
        "model": "bootstrap4_grid.bootstrap4gridcontainer",
        "pk": 249,
        "fields": {
            "container_type": "container",
            "tag_type": "div",
            "attributes": {}
        }
    },
    {
        "model": "bootstrap4_grid.bootstrap4gridcontainer",
        "pk": 328,
        "fields": {
            "container_type": "container",
            "tag_type": "div",
            "attributes": {}
        }
    },
    {
        "model": "bootstrap4_grid.bootstrap4gridcontainer",
        "pk": 498,
        "fields": {
            "container_type": "container",
            "tag_type": "div",
            "attributes": {}
        }
    },
    {
        "model": "bootstrap4_grid.bootstrap4gridcontainer",
        "pk": 587,
        "fields": {
            "container_type": "container",
            "tag_type": "div",
            "attributes": {}
        }
    },
    {
        "model": "bootstrap4_grid.bootstrap4gridcontainer",
        "pk": 594,
        "fields": {
            "container_type": "container",
            "tag_type": "div",
            "attributes": {}
        }
    },
    {
        "model": "bootstrap4_grid.bootstrap4gridcontainer",
        "pk": 614,
        "fields": {
            "container_type": "container",
            "tag_type": "div",
            "attributes": {}
        }
    },
    {
        "model": "bootstrap4_grid.bootstrap4gridcontainer",
        "pk": 670,
        "fields": {
            "container_type": "container",
            "tag_type": "div",
            "attributes": {}
        }
    },
    {
        "model": "bootstrap4_grid.bootstrap4gridcontainer",
        "pk": 678,
        "fields": {
            "container_type": "container",
            "tag_type": "div",
            "attributes": {}
        }
    },
    {
        "model": "bootstrap4_grid.bootstrap4gridrow",
        "pk": 329,
        "fields": {
            "vertical_alignment": "align-items-end",
            "horizontal_alignment": "justify-content-center",
            "gutters": false,
            "tag_type": "div",
            "attributes": {
                "class": "my-3"
            }
        }
    },
    {
        "model": "bootstrap4_grid.bootstrap4gridrow",
        "pk": 333,
        "fields": {
            "vertical_alignment": "align-items-center",
            "horizontal_alignment": "justify-content-center",
            "gutters": false,
            "tag_type": "div",
            "attributes": {}
        }
    },
    {
        "model": "bootstrap4_grid.bootstrap4gridrow",
        "pk": 399,
        "fields": {
            "vertical_alignment": "align-items-end",
            "horizontal_alignment": "justify-content-center",
            "gutters": false,
            "tag_type": "div",
            "attributes": {
                "class": "my-3"
            }
        }
    },
    {
        "model": "bootstrap4_grid.bootstrap4gridrow",
        "pk": 402,
        "fields": {
            "vertical_alignment": "",
            "horizontal_alignment": "",
            "gutters": false,
            "tag_type": "div",
            "attributes": {}
        }
    },
    {
        "model": "bootstrap4_grid.bootstrap4gridrow",
        "pk": 412,
        "fields": {
            "vertical_alignment": "",
            "horizontal_alignment": "",
            "gutters": false,
            "tag_type": "div",
            "attributes": {
                "class": "my-5"
            }
        }
    },
    {
        "model": "bootstrap4_grid.bootstrap4gridrow",
        "pk": 433,
        "fields": {
            "vertical_alignment": "",
            "horizontal_alignment": "",
            "gutters": false,
            "tag_type": "div",
            "attributes": {}
        }
    },
    {
        "model": "bootstrap4_grid.bootstrap4gridrow",
        "pk": 435,
        "fields": {
            "vertical_alignment": "",
            "horizontal_alignment": "",
            "gutters": false,
            "tag_type": "div",
            "attributes": {}
        }
    },
    {
        "model": "bootstrap4_grid.bootstrap4gridrow",
        "pk": 499,
        "fields": {
            "vertical_alignment": "",
            "horizontal_alignment": "",
            "gutters": false,
            "tag_type": "div",
            "attributes": {}
        }
    },
    {
        "model": "bootstrap4_grid.bootstrap4gridrow",
        "pk": 501,
        "fields": {
            "vertical_alignment": "",
            "horizontal_alignment": "",
            "gutters": false,
            "tag_type": "div",
            "attributes": {}
        }
    },
    {
        "model": "bootstrap4_grid.bootstrap4gridrow",
        "pk": 507,
        "fields": {
            "vertical_alignment": "",
            "horizontal_alignment": "",
            "gutters": false,
            "tag_type": "div",
            "attributes": {}
        }
    },
    {
        "model": "bootstrap4_grid.bootstrap4gridrow",
        "pk": 588,
        "fields": {
            "vertical_alignment": "align-items-center",
            "horizontal_alignment": "justify-content-center",
            "gutters": false,
            "tag_type": "div",
            "attributes": {
                "class": "mt-4"
            }
        }
    },
    {
        "model": "bootstrap4_grid.bootstrap4gridrow",
        "pk": 595,
        "fields": {
            "vertical_alignment": "align-items-center",
            "horizontal_alignment": "justify-content-center",
            "gutters": false,
            "tag_type": "div",
            "attributes": {
                "class": "mt-4"
            }
        }
    },
    {
        "model": "bootstrap4_grid.bootstrap4gridrow",
        "pk": 615,
        "fields": {
            "vertical_alignment": "align-items-end",
            "horizontal_alignment": "justify-content-center",
            "gutters": false,
            "tag_type": "div",
            "attributes": {
                "class": "my-3"
            }
        }
    },
    {
        "model": "bootstrap4_grid.bootstrap4gridrow",
        "pk": 618,
        "fields": {
            "vertical_alignment": "align-items-center",
            "horizontal_alignment": "justify-content-center",
            "gutters": false,
            "tag_type": "div",
            "attributes": {}
        }
    },
    {
        "model": "bootstrap4_grid.bootstrap4gridrow",
        "pk": 640,
        "fields": {
            "vertical_alignment": "align-items-end",
            "horizontal_alignment": "justify-content-center",
            "gutters": false,
            "tag_type": "div",
            "attributes": {
                "class": "my-3"
            }
        }
    },
    {
        "model": "bootstrap4_grid.bootstrap4gridrow",
        "pk": 643,
        "fields": {
            "vertical_alignment": "",
            "horizontal_alignment": "",
            "gutters": false,
            "tag_type": "div",
            "attributes": {}
        }
    },
    {
        "model": "bootstrap4_grid.bootstrap4gridrow",
        "pk": 648,
        "fields": {
            "vertical_alignment": "",
            "horizontal_alignment": "",
            "gutters": false,
            "tag_type": "div",
            "attributes": {
                "class": "my-5"
            }
        }
    },
    {
        "model": "bootstrap4_grid.bootstrap4gridrow",
        "pk": 658,
        "fields": {
            "vertical_alignment": "",
            "horizontal_alignment": "",
            "gutters": false,
            "tag_type": "div",
            "attributes": {}
        }
    },
    {
        "model": "bootstrap4_grid.bootstrap4gridrow",
        "pk": 662,
        "fields": {
            "vertical_alignment": "",
            "horizontal_alignment": "",
            "gutters": false,
            "tag_type": "div",
            "attributes": {}
        }
    },
    {
        "model": "bootstrap4_grid.bootstrap4gridrow",
        "pk": 665,
        "fields": {
            "vertical_alignment": "",
            "horizontal_alignment": "",
            "gutters": false,
            "tag_type": "div",
            "attributes": {}
        }
    },
    {
        "model": "bootstrap4_grid.bootstrap4gridrow",
        "pk": 671,
        "fields": {
            "vertical_alignment": "",
            "horizontal_alignment": "",
            "gutters": false,
            "tag_type": "div",
            "attributes": {}
        }
    },
    {
        "model": "bootstrap4_grid.bootstrap4gridrow",
        "pk": 675,
        "fields": {
            "vertical_alignment": "",
            "horizontal_alignment": "",
            "gutters": false,
            "tag_type": "div",
            "attributes": {}
        }
    },
    {
        "model": "bootstrap4_grid.bootstrap4gridrow",
        "pk": 679,
        "fields": {
            "vertical_alignment": "align-items-center",
            "horizontal_alignment": "justify-content-center",
            "gutters": false,
            "tag_type": "div",
            "attributes": {
                "class": "mt-4"
            }
        }
    },
    {
        "model": "bootstrap4_grid.bootstrap4gridcolumn",
        "pk": 330,
        "fields": {
            "column_type": "col",
            "column_alignment": "align-self-start",
            "tag_type": "div",
            "attributes": {},
            "xs_col": null,
            "xs_order": null,
            "xs_offset": null,
            "xs_ml": false,
            "xs_mr": false,
            "sm_col": null,
            "sm_order": null,
            "sm_offset": null,
            "sm_ml": false,
            "sm_mr": false,
            "md_col": null,
            "md_order": null,
            "md_offset": null,
            "md_ml": false,
            "md_mr": false,
            "lg_col": null,
            "lg_order": null,
            "lg_offset": null,
            "lg_ml": false,
            "lg_mr": false,
            "xl_col": null,
            "xl_order": null,
            "xl_offset": null,
            "xl_ml": false,
            "xl_mr": false
        }
    },
    {
        "model": "bootstrap4_grid.bootstrap4gridcolumn",
        "pk": 334,
        "fields": {
            "column_type": "col",
            "column_alignment": "",
            "tag_type": "div",
            "attributes": {},
            "xs_col": 12,
            "xs_order": null,
            "xs_offset": null,
            "xs_ml": false,
            "xs_mr": false,
            "sm_col": 12,
            "sm_order": null,
            "sm_offset": null,
            "sm_ml": false,
            "sm_mr": false,
            "md_col": 4,
            "md_order": null,
            "md_offset": null,
            "md_ml": false,
            "md_mr": false,
            "lg_col": 4,
            "lg_order": null,
            "lg_offset": null,
            "lg_ml": false,
            "lg_mr": false,
            "xl_col": 4,
            "xl_order": null,
            "xl_offset": null,
            "xl_ml": false,
            "xl_mr": false
        }
    },
    {
        "model": "bootstrap4_grid.bootstrap4gridcolumn",
        "pk": 350,
        "fields": {
            "column_type": "col",
            "column_alignment": "",
            "tag_type": "div",
            "attributes": {},
            "xs_col": 12,
            "xs_order": null,
            "xs_offset": null,
            "xs_ml": false,
            "xs_mr": false,
            "sm_col": 12,
            "sm_order": null,
            "sm_offset": null,
            "sm_ml": false,
            "sm_mr": false,
            "md_col": 4,
            "md_order": null,
            "md_offset": null,
            "md_ml": false,
            "md_mr": false,
            "lg_col": 4,
            "lg_order": null,
            "lg_offset": null,
            "lg_ml": false,
            "lg_mr": false,
            "xl_col": 4,
            "xl_order": null,
            "xl_offset": null,
            "xl_ml": false,
            "xl_mr": false
        }
    },
    {
        "model": "bootstrap4_grid.bootstrap4gridcolumn",
        "pk": 357,
        "fields": {
            "column_type": "col",
            "column_alignment": "",
            "tag_type": "div",
            "attributes": {},
            "xs_col": 12,
            "xs_order": null,
            "xs_offset": null,
            "xs_ml": false,
            "xs_mr": false,
            "sm_col": 12,
            "sm_order": null,
            "sm_offset": null,
            "sm_ml": false,
            "sm_mr": false,
            "md_col": 4,
            "md_order": null,
            "md_offset": null,
            "md_ml": false,
            "md_mr": false,
            "lg_col": 4,
            "lg_order": null,
            "lg_offset": null,
            "lg_ml": false,
            "lg_mr": false,
            "xl_col": 4,
            "xl_order": null,
            "xl_offset": null,
            "xl_ml": false,
            "xl_mr": false
        }
    },
    {
        "model": "bootstrap4_grid.bootstrap4gridcolumn",
        "pk": 400,
        "fields": {
            "column_type": "col",
            "column_alignment": "align-self-start",
            "tag_type": "div",
            "attributes": {},
            "xs_col": null,
            "xs_order": null,
            "xs_offset": null,
            "xs_ml": false,
            "xs_mr": false,
            "sm_col": null,
            "sm_order": null,
            "sm_offset": null,
            "sm_ml": false,
            "sm_mr": false,
            "md_col": null,
            "md_order": null,
            "md_offset": null,
            "md_ml": false,
            "md_mr": false,
            "lg_col": null,
            "lg_order": null,
            "lg_offset": null,
            "lg_ml": false,
            "lg_mr": false,
            "xl_col": null,
            "xl_order": null,
            "xl_offset": null,
            "xl_ml": false,
            "xl_mr": false
        }
    },
    {
        "model": "bootstrap4_grid.bootstrap4gridcolumn",
        "pk": 403,
        "fields": {
            "column_type": "col",
            "column_alignment": "",
            "tag_type": "div",
            "attributes": {
                "class": "text-center"
            },
            "xs_col": 12,
            "xs_order": null,
            "xs_offset": null,
            "xs_ml": true,
            "xs_mr": true,
            "sm_col": 12,
            "sm_order": null,
            "sm_offset": null,
            "sm_ml": false,
            "sm_mr": false,
            "md_col": 6,
            "md_order": null,
            "md_offset": null,
            "md_ml": false,
            "md_mr": false,
            "lg_col": 6,
            "lg_order": null,
            "lg_offset": null,
            "lg_ml": false,
            "lg_mr": false,
            "xl_col": 6,
            "xl_order": null,
            "xl_offset": null,
            "xl_ml": false,
            "xl_mr": false
        }
    },
    {
        "model": "bootstrap4_grid.bootstrap4gridcolumn",
        "pk": 408,
        "fields": {
            "column_type": "col",
            "column_alignment": "",
            "tag_type": "div",
            "attributes": {
                "class": "text-center"
            },
            "xs_col": 12,
            "xs_order": null,
            "xs_offset": null,
            "xs_ml": true,
            "xs_mr": true,
            "sm_col": 12,
            "sm_order": null,
            "sm_offset": null,
            "sm_ml": false,
            "sm_mr": false,
            "md_col": 12,
            "md_order": null,
            "md_offset": null,
            "md_ml": false,
            "md_mr": false,
            "lg_col": 6,
            "lg_order": null,
            "lg_offset": null,
            "lg_ml": false,
            "lg_mr": false,
            "xl_col": 6,
            "xl_order": null,
            "xl_offset": null,
            "xl_ml": false,
            "xl_mr": false
        }
    },
    {
        "model": "bootstrap4_grid.bootstrap4gridcolumn",
        "pk": 413,
        "fields": {
            "column_type": "col",
            "column_alignment": "",
            "tag_type": "div",
            "attributes": {},
            "xs_col": 12,
            "xs_order": null,
            "xs_offset": null,
            "xs_ml": false,
            "xs_mr": false,
            "sm_col": 12,
            "sm_order": null,
            "sm_offset": null,
            "sm_ml": false,
            "sm_mr": false,
            "md_col": 4,
            "md_order": null,
            "md_offset": null,
            "md_ml": false,
            "md_mr": false,
            "lg_col": 4,
            "lg_order": null,
            "lg_offset": null,
            "lg_ml": false,
            "lg_mr": false,
            "xl_col": 4,
            "xl_order": null,
            "xl_offset": null,
            "xl_ml": false,
            "xl_mr": false
        }
    },
    {
        "model": "bootstrap4_grid.bootstrap4gridcolumn",
        "pk": 421,
        "fields": {
            "column_type": "col",
            "column_alignment": "",
            "tag_type": "div",
            "attributes": {},
            "xs_col": 12,
            "xs_order": null,
            "xs_offset": null,
            "xs_ml": false,
            "xs_mr": false,
            "sm_col": 12,
            "sm_order": null,
            "sm_offset": null,
            "sm_ml": false,
            "sm_mr": false,
            "md_col": 4,
            "md_order": null,
            "md_offset": null,
            "md_ml": false,
            "md_mr": false,
            "lg_col": 4,
            "lg_order": null,
            "lg_offset": null,
            "lg_ml": false,
            "lg_mr": false,
            "xl_col": 4,
            "xl_order": null,
            "xl_offset": null,
            "xl_ml": false,
            "xl_mr": false
        }
    },
    {
        "model": "bootstrap4_grid.bootstrap4gridcolumn",
        "pk": 424,
        "fields": {
            "column_type": "col",
            "column_alignment": "",
            "tag_type": "div",
            "attributes": {},
            "xs_col": 12,
            "xs_order": null,
            "xs_offset": null,
            "xs_ml": false,
            "xs_mr": false,
            "sm_col": 12,
            "sm_order": null,
            "sm_offset": null,
            "sm_ml": false,
            "sm_mr": false,
            "md_col": 4,
            "md_order": null,
            "md_offset": null,
            "md_ml": false,
            "md_mr": false,
            "lg_col": 4,
            "lg_order": null,
            "lg_offset": null,
            "lg_ml": false,
            "lg_mr": false,
            "xl_col": 4,
            "xl_order": null,
            "xl_offset": null,
            "xl_ml": false,
            "xl_mr": false
        }
    },
    {
        "model": "bootstrap4_grid.bootstrap4gridcolumn",
        "pk": 434,
        "fields": {
            "column_type": "col",
            "column_alignment": "",
            "tag_type": "div",
            "attributes": {},
            "xs_col": null,
            "xs_order": null,
            "xs_offset": null,
            "xs_ml": false,
            "xs_mr": false,
            "sm_col": null,
            "sm_order": null,
            "sm_offset": null,
            "sm_ml": false,
            "sm_mr": false,
            "md_col": null,
            "md_order": null,
            "md_offset": null,
            "md_ml": false,
            "md_mr": false,
            "lg_col": null,
            "lg_order": null,
            "lg_offset": null,
            "lg_ml": false,
            "lg_mr": false,
            "xl_col": null,
            "xl_order": null,
            "xl_offset": null,
            "xl_ml": false,
            "xl_mr": false
        }
    },
    {
        "model": "bootstrap4_grid.bootstrap4gridcolumn",
        "pk": 436,
        "fields": {
            "column_type": "col",
            "column_alignment": "",
            "tag_type": "div",
            "attributes": {},
            "xs_col": null,
            "xs_order": null,
            "xs_offset": null,
            "xs_ml": false,
            "xs_mr": false,
            "sm_col": null,
            "sm_order": null,
            "sm_offset": null,
            "sm_ml": false,
            "sm_mr": false,
            "md_col": null,
            "md_order": null,
            "md_offset": null,
            "md_ml": false,
            "md_mr": false,
            "lg_col": null,
            "lg_order": null,
            "lg_offset": null,
            "lg_ml": false,
            "lg_mr": false,
            "xl_col": null,
            "xl_order": null,
            "xl_offset": null,
            "xl_ml": false,
            "xl_mr": false
        }
    },
    {
        "model": "bootstrap4_grid.bootstrap4gridcolumn",
        "pk": 500,
        "fields": {
            "column_type": "col",
            "column_alignment": "",
            "tag_type": "div",
            "attributes": {},
            "xs_col": null,
            "xs_order": null,
            "xs_offset": null,
            "xs_ml": false,
            "xs_mr": false,
            "sm_col": null,
            "sm_order": null,
            "sm_offset": null,
            "sm_ml": false,
            "sm_mr": false,
            "md_col": null,
            "md_order": null,
            "md_offset": null,
            "md_ml": false,
            "md_mr": false,
            "lg_col": null,
            "lg_order": null,
            "lg_offset": null,
            "lg_ml": false,
            "lg_mr": false,
            "xl_col": null,
            "xl_order": null,
            "xl_offset": null,
            "xl_ml": false,
            "xl_mr": false
        }
    },
    {
        "model": "bootstrap4_grid.bootstrap4gridcolumn",
        "pk": 502,
        "fields": {
            "column_type": "col",
            "column_alignment": "",
            "tag_type": "div",
            "attributes": {
                "class": "text-center"
            },
            "xs_col": 12,
            "xs_order": null,
            "xs_offset": null,
            "xs_ml": true,
            "xs_mr": true,
            "sm_col": 12,
            "sm_order": null,
            "sm_offset": null,
            "sm_ml": false,
            "sm_mr": false,
            "md_col": 12,
            "md_order": null,
            "md_offset": null,
            "md_ml": false,
            "md_mr": false,
            "lg_col": 12,
            "lg_order": null,
            "lg_offset": null,
            "lg_ml": false,
            "lg_mr": false,
            "xl_col": 12,
            "xl_order": null,
            "xl_offset": null,
            "xl_ml": false,
            "xl_mr": false
        }
    },
    {
        "model": "bootstrap4_grid.bootstrap4gridcolumn",
        "pk": 508,
        "fields": {
            "column_type": "col",
            "column_alignment": "",
            "tag_type": "div",
            "attributes": {},
            "xs_col": null,
            "xs_order": null,
            "xs_offset": null,
            "xs_ml": false,
            "xs_mr": false,
            "sm_col": null,
            "sm_order": null,
            "sm_offset": null,
            "sm_ml": false,
            "sm_mr": false,
            "md_col": null,
            "md_order": null,
            "md_offset": null,
            "md_ml": false,
            "md_mr": false,
            "lg_col": null,
            "lg_order": null,
            "lg_offset": null,
            "lg_ml": false,
            "lg_mr": false,
            "xl_col": null,
            "xl_order": null,
            "xl_offset": null,
            "xl_ml": false,
            "xl_mr": false
        }
    },
    {
        "model": "bootstrap4_grid.bootstrap4gridcolumn",
        "pk": 589,
        "fields": {
            "column_type": "col",
            "column_alignment": "",
            "tag_type": "div",
            "attributes": {},
            "xs_col": null,
            "xs_order": null,
            "xs_offset": null,
            "xs_ml": false,
            "xs_mr": false,
            "sm_col": null,
            "sm_order": null,
            "sm_offset": null,
            "sm_ml": false,
            "sm_mr": false,
            "md_col": null,
            "md_order": null,
            "md_offset": null,
            "md_ml": false,
            "md_mr": false,
            "lg_col": null,
            "lg_order": null,
            "lg_offset": null,
            "lg_ml": false,
            "lg_mr": false,
            "xl_col": null,
            "xl_order": null,
            "xl_offset": null,
            "xl_ml": false,
            "xl_mr": false
        }
    },
    {
        "model": "bootstrap4_grid.bootstrap4gridcolumn",
        "pk": 590,
        "fields": {
            "column_type": "col",
            "column_alignment": "",
            "tag_type": "div",
            "attributes": {},
            "xs_col": 12,
            "xs_order": null,
            "xs_offset": null,
            "xs_ml": false,
            "xs_mr": false,
            "sm_col": 12,
            "sm_order": null,
            "sm_offset": null,
            "sm_ml": false,
            "sm_mr": false,
            "md_col": 12,
            "md_order": null,
            "md_offset": null,
            "md_ml": false,
            "md_mr": false,
            "lg_col": 6,
            "lg_order": null,
            "lg_offset": null,
            "lg_ml": false,
            "lg_mr": false,
            "xl_col": 6,
            "xl_order": null,
            "xl_offset": null,
            "xl_ml": false,
            "xl_mr": false
        }
    },
    {
        "model": "bootstrap4_grid.bootstrap4gridcolumn",
        "pk": 593,
        "fields": {
            "column_type": "col",
            "column_alignment": "",
            "tag_type": "div",
            "attributes": {},
            "xs_col": null,
            "xs_order": null,
            "xs_offset": null,
            "xs_ml": false,
            "xs_mr": false,
            "sm_col": null,
            "sm_order": null,
            "sm_offset": null,
            "sm_ml": false,
            "sm_mr": false,
            "md_col": null,
            "md_order": null,
            "md_offset": null,
            "md_ml": false,
            "md_mr": false,
            "lg_col": null,
            "lg_order": null,
            "lg_offset": null,
            "lg_ml": false,
            "lg_mr": false,
            "xl_col": null,
            "xl_order": null,
            "xl_offset": null,
            "xl_ml": false,
            "xl_mr": false
        }
    },
    {
        "model": "bootstrap4_grid.bootstrap4gridcolumn",
        "pk": 596,
        "fields": {
            "column_type": "col",
            "column_alignment": "",
            "tag_type": "div",
            "attributes": {},
            "xs_col": null,
            "xs_order": null,
            "xs_offset": null,
            "xs_ml": false,
            "xs_mr": false,
            "sm_col": null,
            "sm_order": null,
            "sm_offset": null,
            "sm_ml": false,
            "sm_mr": false,
            "md_col": null,
            "md_order": null,
            "md_offset": null,
            "md_ml": false,
            "md_mr": false,
            "lg_col": null,
            "lg_order": null,
            "lg_offset": null,
            "lg_ml": false,
            "lg_mr": false,
            "xl_col": null,
            "xl_order": null,
            "xl_offset": null,
            "xl_ml": false,
            "xl_mr": false
        }
    },
    {
        "model": "bootstrap4_grid.bootstrap4gridcolumn",
        "pk": 597,
        "fields": {
            "column_type": "col",
            "column_alignment": "",
            "tag_type": "div",
            "attributes": {},
            "xs_col": 12,
            "xs_order": null,
            "xs_offset": null,
            "xs_ml": false,
            "xs_mr": false,
            "sm_col": 12,
            "sm_order": null,
            "sm_offset": null,
            "sm_ml": false,
            "sm_mr": false,
            "md_col": 12,
            "md_order": null,
            "md_offset": null,
            "md_ml": false,
            "md_mr": false,
            "lg_col": 6,
            "lg_order": null,
            "lg_offset": null,
            "lg_ml": false,
            "lg_mr": false,
            "xl_col": 6,
            "xl_order": null,
            "xl_offset": null,
            "xl_ml": false,
            "xl_mr": false
        }
    },
    {
        "model": "bootstrap4_grid.bootstrap4gridcolumn",
        "pk": 600,
        "fields": {
            "column_type": "col",
            "column_alignment": "",
            "tag_type": "div",
            "attributes": {},
            "xs_col": null,
            "xs_order": null,
            "xs_offset": null,
            "xs_ml": false,
            "xs_mr": false,
            "sm_col": null,
            "sm_order": null,
            "sm_offset": null,
            "sm_ml": false,
            "sm_mr": false,
            "md_col": null,
            "md_order": null,
            "md_offset": null,
            "md_ml": false,
            "md_mr": false,
            "lg_col": null,
            "lg_order": null,
            "lg_offset": null,
            "lg_ml": false,
            "lg_mr": false,
            "xl_col": null,
            "xl_order": null,
            "xl_offset": null,
            "xl_ml": false,
            "xl_mr": false
        }
    },
    {
        "model": "bootstrap4_grid.bootstrap4gridcolumn",
        "pk": 616,
        "fields": {
            "column_type": "col",
            "column_alignment": "align-self-start",
            "tag_type": "div",
            "attributes": {},
            "xs_col": null,
            "xs_order": null,
            "xs_offset": null,
            "xs_ml": false,
            "xs_mr": false,
            "sm_col": null,
            "sm_order": null,
            "sm_offset": null,
            "sm_ml": false,
            "sm_mr": false,
            "md_col": null,
            "md_order": null,
            "md_offset": null,
            "md_ml": false,
            "md_mr": false,
            "lg_col": null,
            "lg_order": null,
            "lg_offset": null,
            "lg_ml": false,
            "lg_mr": false,
            "xl_col": null,
            "xl_order": null,
            "xl_offset": null,
            "xl_ml": false,
            "xl_mr": false
        }
    },
    {
        "model": "bootstrap4_grid.bootstrap4gridcolumn",
        "pk": 619,
        "fields": {
            "column_type": "col",
            "column_alignment": "",
            "tag_type": "div",
            "attributes": {},
            "xs_col": 12,
            "xs_order": null,
            "xs_offset": null,
            "xs_ml": false,
            "xs_mr": false,
            "sm_col": 12,
            "sm_order": null,
            "sm_offset": null,
            "sm_ml": false,
            "sm_mr": false,
            "md_col": 4,
            "md_order": null,
            "md_offset": null,
            "md_ml": false,
            "md_mr": false,
            "lg_col": 4,
            "lg_order": null,
            "lg_offset": null,
            "lg_ml": false,
            "lg_mr": false,
            "xl_col": 4,
            "xl_order": null,
            "xl_offset": null,
            "xl_ml": false,
            "xl_mr": false
        }
    },
    {
        "model": "bootstrap4_grid.bootstrap4gridcolumn",
        "pk": 626,
        "fields": {
            "column_type": "col",
            "column_alignment": "",
            "tag_type": "div",
            "attributes": {},
            "xs_col": 12,
            "xs_order": null,
            "xs_offset": null,
            "xs_ml": false,
            "xs_mr": false,
            "sm_col": 12,
            "sm_order": null,
            "sm_offset": null,
            "sm_ml": false,
            "sm_mr": false,
            "md_col": 4,
            "md_order": null,
            "md_offset": null,
            "md_ml": false,
            "md_mr": false,
            "lg_col": 4,
            "lg_order": null,
            "lg_offset": null,
            "lg_ml": false,
            "lg_mr": false,
            "xl_col": 4,
            "xl_order": null,
            "xl_offset": null,
            "xl_ml": false,
            "xl_mr": false
        }
    },
    {
        "model": "bootstrap4_grid.bootstrap4gridcolumn",
        "pk": 633,
        "fields": {
            "column_type": "col",
            "column_alignment": "",
            "tag_type": "div",
            "attributes": {},
            "xs_col": 12,
            "xs_order": null,
            "xs_offset": null,
            "xs_ml": false,
            "xs_mr": false,
            "sm_col": 12,
            "sm_order": null,
            "sm_offset": null,
            "sm_ml": false,
            "sm_mr": false,
            "md_col": 4,
            "md_order": null,
            "md_offset": null,
            "md_ml": false,
            "md_mr": false,
            "lg_col": 4,
            "lg_order": null,
            "lg_offset": null,
            "lg_ml": false,
            "lg_mr": false,
            "xl_col": 4,
            "xl_order": null,
            "xl_offset": null,
            "xl_ml": false,
            "xl_mr": false
        }
    },
    {
        "model": "bootstrap4_grid.bootstrap4gridcolumn",
        "pk": 641,
        "fields": {
            "column_type": "col",
            "column_alignment": "align-self-start",
            "tag_type": "div",
            "attributes": {},
            "xs_col": null,
            "xs_order": null,
            "xs_offset": null,
            "xs_ml": false,
            "xs_mr": false,
            "sm_col": null,
            "sm_order": null,
            "sm_offset": null,
            "sm_ml": false,
            "sm_mr": false,
            "md_col": null,
            "md_order": null,
            "md_offset": null,
            "md_ml": false,
            "md_mr": false,
            "lg_col": null,
            "lg_order": null,
            "lg_offset": null,
            "lg_ml": false,
            "lg_mr": false,
            "xl_col": null,
            "xl_order": null,
            "xl_offset": null,
            "xl_ml": false,
            "xl_mr": false
        }
    },
    {
        "model": "bootstrap4_grid.bootstrap4gridcolumn",
        "pk": 644,
        "fields": {
            "column_type": "col",
            "column_alignment": "",
            "tag_type": "div",
            "attributes": {
                "class": "text-center"
            },
            "xs_col": 12,
            "xs_order": null,
            "xs_offset": null,
            "xs_ml": true,
            "xs_mr": true,
            "sm_col": 12,
            "sm_order": null,
            "sm_offset": null,
            "sm_ml": false,
            "sm_mr": false,
            "md_col": 6,
            "md_order": null,
            "md_offset": null,
            "md_ml": false,
            "md_mr": false,
            "lg_col": 6,
            "lg_order": null,
            "lg_offset": null,
            "lg_ml": false,
            "lg_mr": false,
            "xl_col": 6,
            "xl_order": null,
            "xl_offset": null,
            "xl_ml": false,
            "xl_mr": false
        }
    },
    {
        "model": "bootstrap4_grid.bootstrap4gridcolumn",
        "pk": 646,
        "fields": {
            "column_type": "col",
            "column_alignment": "",
            "tag_type": "div",
            "attributes": {
                "class": "text-center"
            },
            "xs_col": 12,
            "xs_order": null,
            "xs_offset": null,
            "xs_ml": true,
            "xs_mr": true,
            "sm_col": 12,
            "sm_order": null,
            "sm_offset": null,
            "sm_ml": false,
            "sm_mr": false,
            "md_col": 12,
            "md_order": null,
            "md_offset": null,
            "md_ml": false,
            "md_mr": false,
            "lg_col": 6,
            "lg_order": null,
            "lg_offset": null,
            "lg_ml": false,
            "lg_mr": false,
            "xl_col": 6,
            "xl_order": null,
            "xl_offset": null,
            "xl_ml": false,
            "xl_mr": false
        }
    },
    {
        "model": "bootstrap4_grid.bootstrap4gridcolumn",
        "pk": 649,
        "fields": {
            "column_type": "col",
            "column_alignment": "",
            "tag_type": "div",
            "attributes": {},
            "xs_col": 12,
            "xs_order": null,
            "xs_offset": null,
            "xs_ml": false,
            "xs_mr": false,
            "sm_col": 12,
            "sm_order": null,
            "sm_offset": null,
            "sm_ml": false,
            "sm_mr": false,
            "md_col": 4,
            "md_order": null,
            "md_offset": null,
            "md_ml": false,
            "md_mr": false,
            "lg_col": 4,
            "lg_order": null,
            "lg_offset": null,
            "lg_ml": false,
            "lg_mr": false,
            "xl_col": 4,
            "xl_order": null,
            "xl_offset": null,
            "xl_ml": false,
            "xl_mr": false
        }
    },
    {
        "model": "bootstrap4_grid.bootstrap4gridcolumn",
        "pk": 652,
        "fields": {
            "column_type": "col",
            "column_alignment": "",
            "tag_type": "div",
            "attributes": {},
            "xs_col": 12,
            "xs_order": null,
            "xs_offset": null,
            "xs_ml": false,
            "xs_mr": false,
            "sm_col": 12,
            "sm_order": null,
            "sm_offset": null,
            "sm_ml": false,
            "sm_mr": false,
            "md_col": 4,
            "md_order": null,
            "md_offset": null,
            "md_ml": false,
            "md_mr": false,
            "lg_col": 4,
            "lg_order": null,
            "lg_offset": null,
            "lg_ml": false,
            "lg_mr": false,
            "xl_col": 4,
            "xl_order": null,
            "xl_offset": null,
            "xl_ml": false,
            "xl_mr": false
        }
    },
    {
        "model": "bootstrap4_grid.bootstrap4gridcolumn",
        "pk": 655,
        "fields": {
            "column_type": "col",
            "column_alignment": "",
            "tag_type": "div",
            "attributes": {},
            "xs_col": 12,
            "xs_order": null,
            "xs_offset": null,
            "xs_ml": false,
            "xs_mr": false,
            "sm_col": 12,
            "sm_order": null,
            "sm_offset": null,
            "sm_ml": false,
            "sm_mr": false,
            "md_col": 4,
            "md_order": null,
            "md_offset": null,
            "md_ml": false,
            "md_mr": false,
            "lg_col": 4,
            "lg_order": null,
            "lg_offset": null,
            "lg_ml": false,
            "lg_mr": false,
            "xl_col": 4,
            "xl_order": null,
            "xl_offset": null,
            "xl_ml": false,
            "xl_mr": false
        }
    },
    {
        "model": "bootstrap4_grid.bootstrap4gridcolumn",
        "pk": 659,
        "fields": {
            "column_type": "col",
            "column_alignment": "",
            "tag_type": "div",
            "attributes": {},
            "xs_col": null,
            "xs_order": null,
            "xs_offset": null,
            "xs_ml": false,
            "xs_mr": false,
            "sm_col": null,
            "sm_order": null,
            "sm_offset": null,
            "sm_ml": false,
            "sm_mr": false,
            "md_col": null,
            "md_order": null,
            "md_offset": null,
            "md_ml": false,
            "md_mr": false,
            "lg_col": null,
            "lg_order": null,
            "lg_offset": null,
            "lg_ml": false,
            "lg_mr": false,
            "xl_col": null,
            "xl_order": null,
            "xl_offset": null,
            "xl_ml": false,
            "xl_mr": false
        }
    },
    {
        "model": "bootstrap4_grid.bootstrap4gridcolumn",
        "pk": 663,
        "fields": {
            "column_type": "col",
            "column_alignment": "",
            "tag_type": "div",
            "attributes": {},
            "xs_col": null,
            "xs_order": null,
            "xs_offset": null,
            "xs_ml": false,
            "xs_mr": false,
            "sm_col": null,
            "sm_order": null,
            "sm_offset": null,
            "sm_ml": false,
            "sm_mr": false,
            "md_col": null,
            "md_order": null,
            "md_offset": null,
            "md_ml": false,
            "md_mr": false,
            "lg_col": null,
            "lg_order": null,
            "lg_offset": null,
            "lg_ml": false,
            "lg_mr": false,
            "xl_col": null,
            "xl_order": null,
            "xl_offset": null,
            "xl_ml": false,
            "xl_mr": false
        }
    },
    {
        "model": "bootstrap4_grid.bootstrap4gridcolumn",
        "pk": 666,
        "fields": {
            "column_type": "col",
            "column_alignment": "",
            "tag_type": "div",
            "attributes": {},
            "xs_col": null,
            "xs_order": null,
            "xs_offset": null,
            "xs_ml": false,
            "xs_mr": false,
            "sm_col": null,
            "sm_order": null,
            "sm_offset": null,
            "sm_ml": false,
            "sm_mr": false,
            "md_col": null,
            "md_order": null,
            "md_offset": null,
            "md_ml": false,
            "md_mr": false,
            "lg_col": null,
            "lg_order": null,
            "lg_offset": null,
            "lg_ml": false,
            "lg_mr": false,
            "xl_col": null,
            "xl_order": null,
            "xl_offset": null,
            "xl_ml": false,
            "xl_mr": false
        }
    },
    {
        "model": "bootstrap4_grid.bootstrap4gridcolumn",
        "pk": 672,
        "fields": {
            "column_type": "col",
            "column_alignment": "",
            "tag_type": "div",
            "attributes": {},
            "xs_col": null,
            "xs_order": null,
            "xs_offset": null,
            "xs_ml": false,
            "xs_mr": false,
            "sm_col": null,
            "sm_order": null,
            "sm_offset": null,
            "sm_ml": false,
            "sm_mr": false,
            "md_col": null,
            "md_order": null,
            "md_offset": null,
            "md_ml": false,
            "md_mr": false,
            "lg_col": null,
            "lg_order": null,
            "lg_offset": null,
            "lg_ml": false,
            "lg_mr": false,
            "xl_col": null,
            "xl_order": null,
            "xl_offset": null,
            "xl_ml": false,
            "xl_mr": false
        }
    },
    {
        "model": "bootstrap4_grid.bootstrap4gridcolumn",
        "pk": 676,
        "fields": {
            "column_type": "col",
            "column_alignment": "",
            "tag_type": "div",
            "attributes": {
                "class": "text-center"
            },
            "xs_col": 12,
            "xs_order": null,
            "xs_offset": null,
            "xs_ml": true,
            "xs_mr": true,
            "sm_col": 12,
            "sm_order": null,
            "sm_offset": null,
            "sm_ml": false,
            "sm_mr": false,
            "md_col": 12,
            "md_order": null,
            "md_offset": null,
            "md_ml": false,
            "md_mr": false,
            "lg_col": 12,
            "lg_order": null,
            "lg_offset": null,
            "lg_ml": false,
            "lg_mr": false,
            "xl_col": 12,
            "xl_order": null,
            "xl_offset": null,
            "xl_ml": false,
            "xl_mr": false
        }
    },
    {
        "model": "bootstrap4_grid.bootstrap4gridcolumn",
        "pk": 680,
        "fields": {
            "column_type": "col",
            "column_alignment": "",
            "tag_type": "div",
            "attributes": {},
            "xs_col": null,
            "xs_order": null,
            "xs_offset": null,
            "xs_ml": false,
            "xs_mr": false,
            "sm_col": null,
            "sm_order": null,
            "sm_offset": null,
            "sm_ml": false,
            "sm_mr": false,
            "md_col": null,
            "md_order": null,
            "md_offset": null,
            "md_ml": false,
            "md_mr": false,
            "lg_col": null,
            "lg_order": null,
            "lg_offset": null,
            "lg_ml": false,
            "lg_mr": false,
            "xl_col": null,
            "xl_order": null,
            "xl_offset": null,
            "xl_ml": false,
            "xl_mr": false
        }
    },
    {
        "model": "bootstrap4_grid.bootstrap4gridcolumn",
        "pk": 681,
        "fields": {
            "column_type": "col",
            "column_alignment": "",
            "tag_type": "div",
            "attributes": {},
            "xs_col": 12,
            "xs_order": null,
            "xs_offset": null,
            "xs_ml": false,
            "xs_mr": false,
            "sm_col": 12,
            "sm_order": null,
            "sm_offset": null,
            "sm_ml": false,
            "sm_mr": false,
            "md_col": 12,
            "md_order": null,
            "md_offset": null,
            "md_ml": false,
            "md_mr": false,
            "lg_col": 6,
            "lg_order": null,
            "lg_offset": null,
            "lg_ml": false,
            "lg_mr": false,
            "xl_col": 6,
            "xl_order": null,
            "xl_offset": null,
            "xl_ml": false,
            "xl_mr": false
        }
    },
    {
        "model": "bootstrap4_grid.bootstrap4gridcolumn",
        "pk": 685,
        "fields": {
            "column_type": "col",
            "column_alignment": "",
            "tag_type": "div",
            "attributes": {},
            "xs_col": null,
            "xs_order": null,
            "xs_offset": null,
            "xs_ml": false,
            "xs_mr": false,
            "sm_col": null,
            "sm_order": null,
            "sm_offset": null,
            "sm_ml": false,
            "sm_mr": false,
            "md_col": null,
            "md_order": null,
            "md_offset": null,
            "md_ml": false,
            "md_mr": false,
            "lg_col": null,
            "lg_order": null,
            "lg_offset": null,
            "lg_ml": false,
            "lg_mr": false,
            "xl_col": null,
            "xl_order": null,
            "xl_offset": null,
            "xl_ml": false,
            "xl_mr": false
        }
    },
    {
        "model": "bootstrap4_link.bootstrap4link",
        "pk": 342,
        "fields": {
            "template": "default",
            "name": "Learn More",
            "external_link": "",
            "internal_link": 1,
            "anchor": "",
            "mailto": "",
            "phone": "",
            "target": "",
            "attributes": {},
            "link_type": "btn",
            "link_context": "dark",
            "link_size": "",
            "link_outline": false,
            "link_block": true,
            "icon_left": "",
            "icon_right": ""
        }
    },
    {
        "model": "bootstrap4_link.bootstrap4link",
        "pk": 356,
        "fields": {
            "template": "default",
            "name": "Learn More",
            "external_link": "",
            "internal_link": 1,
            "anchor": "",
            "mailto": "",
            "phone": "",
            "target": "",
            "attributes": {},
            "link_type": "btn",
            "link_context": "dark",
            "link_size": "",
            "link_outline": false,
            "link_block": true,
            "icon_left": "",
            "icon_right": ""
        }
    },
    {
        "model": "bootstrap4_link.bootstrap4link",
        "pk": 363,
        "fields": {
            "template": "default",
            "name": "Learn More",
            "external_link": "",
            "internal_link": 1,
            "anchor": "",
            "mailto": "",
            "phone": "",
            "target": "",
            "attributes": {},
            "link_type": "btn",
            "link_context": "dark",
            "link_size": "",
            "link_outline": false,
            "link_block": true,
            "icon_left": "",
            "icon_right": ""
        }
    },
    {
        "model": "bootstrap4_link.bootstrap4link",
        "pk": 497,
        "fields": {
            "template": "default",
            "name": "Contact Us",
            "external_link": "",
            "internal_link": 10,
            "anchor": "",
            "mailto": "",
            "phone": "",
            "target": "",
            "attributes": {},
            "link_type": "btn",
            "link_context": "primary",
            "link_size": "btn-lg",
            "link_outline": true,
            "link_block": false,
            "icon_left": "",
            "icon_right": ""
        }
    },
    {
        "model": "bootstrap4_link.bootstrap4link",
        "pk": 625,
        "fields": {
            "template": "default",
            "name": "Learn More",
            "external_link": "",
            "internal_link": 1,
            "anchor": "",
            "mailto": "",
            "phone": "",
            "target": "",
            "attributes": {},
            "link_type": "btn",
            "link_context": "dark",
            "link_size": "",
            "link_outline": false,
            "link_block": true,
            "icon_left": "",
            "icon_right": ""
        }
    },
    {
        "model": "bootstrap4_link.bootstrap4link",
        "pk": 632,
        "fields": {
            "template": "default",
            "name": "Learn More",
            "external_link": "",
            "internal_link": 1,
            "anchor": "",
            "mailto": "",
            "phone": "",
            "target": "",
            "attributes": {},
            "link_type": "btn",
            "link_context": "dark",
            "link_size": "",
            "link_outline": false,
            "link_block": true,
            "icon_left": "",
            "icon_right": ""
        }
    },
    {
        "model": "bootstrap4_link.bootstrap4link",
        "pk": 639,
        "fields": {
            "template": "default",
            "name": "Learn More",
            "external_link": "",
            "internal_link": 1,
            "anchor": "",
            "mailto": "",
            "phone": "",
            "target": "",
            "attributes": {},
            "link_type": "btn",
            "link_context": "dark",
            "link_size": "",
            "link_outline": false,
            "link_block": true,
            "icon_left": "",
            "icon_right": ""
        }
    },
    {
        "model": "bootstrap4_link.bootstrap4link",
        "pk": 677,
        "fields": {
            "template": "default",
            "name": "Contact Us",
            "external_link": "",
            "internal_link": 10,
            "anchor": "",
            "mailto": "",
            "phone": "",
            "target": "",
            "attributes": {},
            "link_type": "btn",
            "link_context": "primary",
            "link_size": "btn-lg",
            "link_outline": true,
            "link_block": false,
            "icon_left": "",
            "icon_right": ""
        }
    },
    {
        "model": "bootstrap4_picture.bootstrap4picture",
        "pk": 339,
        "fields": {
            "template": "default",
            "picture": 30,
            "external_picture": "",
            "width": null,
            "height": null,
            "alignment": "",
            "caption_text": "",
            "attributes": {
                "class": "card-product-image"
            },
            "link_url": "",
            "link_page": null,
            "link_target": "",
            "link_attributes": {},
            "use_automatic_scaling": true,
            "use_no_cropping": false,
            "use_crop": false,
            "use_upscale": false,
            "use_responsive_image": "inherit",
            "thumbnail_options": null,
            "picture_fluid": true,
            "picture_rounded": false,
            "picture_thumbnail": false
        }
    },
    {
        "model": "bootstrap4_picture.bootstrap4picture",
        "pk": 353,
        "fields": {
            "template": "default",
            "picture": 33,
            "external_picture": "",
            "width": null,
            "height": null,
            "alignment": "",
            "caption_text": "",
            "attributes": {
                "class": "card-product-image"
            },
            "link_url": "",
            "link_page": null,
            "link_target": "",
            "link_attributes": {},
            "use_automatic_scaling": true,
            "use_no_cropping": false,
            "use_crop": false,
            "use_upscale": false,
            "use_responsive_image": "inherit",
            "thumbnail_options": null,
            "picture_fluid": true,
            "picture_rounded": false,
            "picture_thumbnail": false
        }
    },
    {
        "model": "bootstrap4_picture.bootstrap4picture",
        "pk": 360,
        "fields": {
            "template": "default",
            "picture": 32,
            "external_picture": "",
            "width": null,
            "height": null,
            "alignment": "",
            "caption_text": "",
            "attributes": {
                "class": "card-product-image"
            },
            "link_url": "",
            "link_page": null,
            "link_target": "",
            "link_attributes": {},
            "use_automatic_scaling": true,
            "use_no_cropping": false,
            "use_crop": false,
            "use_upscale": false,
            "use_responsive_image": "inherit",
            "thumbnail_options": null,
            "picture_fluid": true,
            "picture_rounded": false,
            "picture_thumbnail": false
        }
    },
    {
        "model": "bootstrap4_picture.bootstrap4picture",
        "pk": 622,
        "fields": {
            "template": "default",
            "picture": 30,
            "external_picture": "",
            "width": null,
            "height": null,
            "alignment": "",
            "caption_text": "",
            "attributes": {
                "class": "card-product-image"
            },
            "link_url": "",
            "link_page": null,
            "link_target": "",
            "link_attributes": {},
            "use_automatic_scaling": true,
            "use_no_cropping": false,
            "use_crop": false,
            "use_upscale": false,
            "use_responsive_image": "inherit",
            "thumbnail_options": null,
            "picture_fluid": true,
            "picture_rounded": false,
            "picture_thumbnail": false
        }
    },
    {
        "model": "bootstrap4_picture.bootstrap4picture",
        "pk": 629,
        "fields": {
            "template": "default",
            "picture": 33,
            "external_picture": "",
            "width": null,
            "height": null,
            "alignment": "",
            "caption_text": "",
            "attributes": {
                "class": "card-product-image"
            },
            "link_url": "",
            "link_page": null,
            "link_target": "",
            "link_attributes": {},
            "use_automatic_scaling": true,
            "use_no_cropping": false,
            "use_crop": false,
            "use_upscale": false,
            "use_responsive_image": "inherit",
            "thumbnail_options": null,
            "picture_fluid": true,
            "picture_rounded": false,
            "picture_thumbnail": false
        }
    },
    {
        "model": "bootstrap4_picture.bootstrap4picture",
        "pk": 636,
        "fields": {
            "template": "default",
            "picture": 32,
            "external_picture": "",
            "width": null,
            "height": null,
            "alignment": "",
            "caption_text": "",
            "attributes": {
                "class": "card-product-image"
            },
            "link_url": "",
            "link_page": null,
            "link_target": "",
            "link_attributes": {},
            "use_automatic_scaling": true,
            "use_no_cropping": false,
            "use_crop": false,
            "use_upscale": false,
            "use_responsive_image": "inherit",
            "thumbnail_options": null,
            "picture_fluid": true,
            "picture_rounded": false,
            "picture_thumbnail": false
        }
    },
    {
        "model": "bootstrap4_utilities.bootstrap4spacing",
        "pk": 429,
        "fields": {
            "space_property": "m",
            "space_sides": "y",
            "space_size": "5",
            "space_device": "",
            "tag_type": "div",
            "attributes": {}
        }
    },
    {
        "model": "bootstrap4_utilities.bootstrap4spacing",
        "pk": 431,
        "fields": {
            "space_property": "m",
            "space_sides": "y",
            "space_size": "5",
            "space_device": "",
            "tag_type": "div",
            "attributes": {}
        }
    },
    {
        "model": "bootstrap4_utilities.bootstrap4spacing",
        "pk": 496,
        "fields": {
            "space_property": "m",
            "space_sides": "y",
            "space_size": "5",
            "space_device": "",
            "tag_type": "div",
            "attributes": {}
        }
    },
    {
        "model": "bootstrap4_utilities.bootstrap4spacing",
        "pk": 509,
        "fields": {
            "space_property": "m",
            "space_sides": "y",
            "space_size": "5",
            "space_device": "",
            "tag_type": "div",
            "attributes": {}
        }
    },
    {
        "model": "bootstrap4_utilities.bootstrap4spacing",
        "pk": 510,
        "fields": {
            "space_property": "m",
            "space_sides": "y",
            "space_size": "5",
            "space_device": "",
            "tag_type": "div",
            "attributes": {}
        }
    },
    {
        "model": "bootstrap4_utilities.bootstrap4spacing",
        "pk": 660,
        "fields": {
            "space_property": "m",
            "space_sides": "y",
            "space_size": "5",
            "space_device": "",
            "tag_type": "div",
            "attributes": {}
        }
    },
    {
        "model": "bootstrap4_utilities.bootstrap4spacing",
        "pk": 661,
        "fields": {
            "space_property": "m",
            "space_sides": "y",
            "space_size": "5",
            "space_device": "",
            "tag_type": "div",
            "attributes": {}
        }
    },
    {
        "model": "bootstrap4_utilities.bootstrap4spacing",
        "pk": 667,
        "fields": {
            "space_property": "m",
            "space_sides": "y",
            "space_size": "5",
            "space_device": "",
            "tag_type": "div",
            "attributes": {}
        }
    },
    {
        "model": "bootstrap4_utilities.bootstrap4spacing",
        "pk": 668,
        "fields": {
            "space_property": "m",
            "space_sides": "y",
            "space_size": "5",
            "space_device": "",
            "tag_type": "div",
            "attributes": {}
        }
    },
    {
        "model": "bootstrap4_utilities.bootstrap4spacing",
        "pk": 673,
        "fields": {
            "space_property": "m",
            "space_sides": "y",
            "space_size": "5",
            "space_device": "",
            "tag_type": "div",
            "attributes": {}
        }
    },
    {
        "model": "djangocms_forms.form",
        "pk": 1,
        "fields": {
            "name": "Contact Us"
        }
    },
    {
        "model": "djangocms_forms.form",
        "pk": 2,
        "fields": {
            "name": "Contact Us"
        }
    },
    {
        "model": "djangocms_forms.formdefinition",
        "pk": 601,
        "fields": {
            "name": "Contact Us",
            "title": "Contact Us",
            "description": "Contact us",
            "submit_btn_txt": "Submit",
            "post_submit_msg": "Thank You! We will contact you shortly.",
            "success_redirect": true,
            "page_redirect": 8,
            "external_redirect": "",
            "redirect_delay": null,
            "email_to": "",
            "email_from": "",
            "email_subject": "",
            "email_uploaded_files": true,
            "save_data": true,
            "spam_protection": 0,
            "form_template": "djangocms_forms/form_template/default.html",
            "plugin_reference": 2
        }
    },
    {
        "model": "djangocms_forms.formdefinition",
        "pk": 684,
        "fields": {
            "name": "Contact Us",
            "title": "Contact Us",
            "description": "Contact us",
            "submit_btn_txt": "Submit",
            "post_submit_msg": "Thank You! We will contact you shortly.",
            "success_redirect": true,
            "page_redirect": 8,
            "external_redirect": "",
            "redirect_delay": null,
            "email_to": "",
            "email_from": "",
            "email_subject": "",
            "email_uploaded_files": true,
            "save_data": true,
            "spam_protection": 0,
            "form_template": "djangocms_forms/form_template/default.html",
            "plugin_reference": 2
        }
    },
    {
        "model": "djangocms_forms.formfield",
        "pk": 13,
        "fields": {
            "form": 601,
            "field_type": "text",
            "label": "Name",
            "field_name": "",
            "placeholder_text": "Name",
            "required": true,
            "help_text": "",
            "initial": "",
            "choice_values": "",
            "position": 1
        }
    },
    {
        "model": "djangocms_forms.formfield",
        "pk": 14,
        "fields": {
            "form": 601,
            "field_type": "email",
            "label": "Email",
            "field_name": "",
            "placeholder_text": "Email",
            "required": true,
            "help_text": "",
            "initial": "",
            "choice_values": "",
            "position": 2
        }
    },
    {
        "model": "djangocms_forms.formfield",
        "pk": 15,
        "fields": {
            "form": 601,
            "field_type": "textarea",
            "label": "Message",
            "field_name": "",
            "placeholder_text": "Message",
            "required": true,
            "help_text": "",
            "initial": "",
            "choice_values": "",
            "position": 3
        }
    },
    {
        "model": "djangocms_forms.formfield",
        "pk": 19,
        "fields": {
            "form": 684,
            "field_type": "text",
            "label": "Name",
            "field_name": "",
            "placeholder_text": "Name",
            "required": true,
            "help_text": "",
            "initial": "",
            "choice_values": "",
            "position": 1
        }
    },
    {
        "model": "djangocms_forms.formfield",
        "pk": 20,
        "fields": {
            "form": 684,
            "field_type": "email",
            "label": "Email",
            "field_name": "",
            "placeholder_text": "Email",
            "required": true,
            "help_text": "",
            "initial": "",
            "choice_values": "",
            "position": 2
        }
    },
    {
        "model": "djangocms_forms.formfield",
        "pk": 21,
        "fields": {
            "form": 684,
            "field_type": "textarea",
            "label": "Message",
            "field_name": "",
            "placeholder_text": "Message",
            "required": true,
            "help_text": "",
            "initial": "",
            "choice_values": "",
            "position": 3
        }
    },
    {
        "model": "store.product",
        "pk": 20,
        "fields": {
            "name": "Leather Notebooks",
            "description": "Lorem ipsum dolor sit amet, deserunt tractatos vituperata et pri, quot nulla scribentur est ne, vix ut dicta doming. Eos altera labores ei. Id usu aperiri fastidii petentium, nusquam reprimique mea id. Etiam vivendum et eam, an augue minim pro, qui id eruditi liberavisse.",
            "price": 250.0,
            "image": 32,
            "remaining_stock": 3,
            "delivery_period": 7
        }
    },
    {
        "model": "store.product",
        "pk": 21,
        "fields": {
            "name": "Hand made bag",
            "description": "Lorem ipsum dolor sit amet, deserunt tractatos vituperata et pri, quot nulla scribentur est ne, vix ut dicta doming. Eos altera labores ei. Id usu aperiri fastidii petentium, nusquam reprimique mea id. Etiam vivendum et eam, an augue minim pro, qui id eruditi liberavisse.",
            "price": 324.0,
            "image": 33,
            "remaining_stock": 12,
            "delivery_period": 10
        }
    },
    {
        "model": "store.product",
        "pk": 22,
        "fields": {
            "name": "Candles",
            "description": "Lorem ipsum dolor sit amet, deserunt tractatos vituperata et pri, quot nulla scribentur est ne, vix ut dicta doming. Eos altera labores ei. Id usu aperiri fastidii petentium, nusquam reprimique mea id. Etiam vivendum et eam, an augue minim pro, qui id eruditi liberavisse.",
            "price": 25.0,
            "image": 30,
            "remaining_stock": 20,
            "delivery_period": 3
        }
    },
    {
        "model": "store.product",
        "pk": 23,
        "fields": {
            "name": "Bag for her",
            "description": "Lorem ipsum dolor sit amet, deserunt tractatos vituperata et pri, quot nulla scribentur est ne, vix ut dicta doming. Eos altera labores ei. Id usu aperiri fastidii petentium, nusquam reprimique mea id. Etiam vivendum et eam, an augue minim pro, qui id eruditi liberavisse.",
            "price": 300.0,
            "image": 31,
            "remaining_stock": 5,
            "delivery_period": 6
        }
    },
    {
        "model": "store.product",
        "pk": 24,
        "fields": {
            "name": "Foldable Bag",
            "description": "Lorem ipsum dolor sit amet, deserunt tractatos vituperata et pri, quot nulla scribentur est ne, vix ut dicta doming. Eos altera labores ei. Id usu aperiri fastidii petentium, nusquam reprimique mea id. Etiam vivendum et eam, an augue minim pro, qui id eruditi liberavisse.",
            "price": 725.0,
            "image": 34,
            "remaining_stock": 6,
            "delivery_period": 12
        }
    },
    {
        "model": "store.product",
        "pk": 25,
        "fields": {
            "name": "Hand made gift set",
            "description": "Lorem ipsum dolor sit amet, deserunt tractatos vituperata et pri, quot nulla scribentur est ne, vix ut dicta doming. Eos altera labores ei. Id usu aperiri fastidii petentium, nusquam reprimique mea id. Etiam vivendum et eam, an augue minim pro, qui id eruditi liberavisse.",
            "price": 75.0,
            "image": 35,
            "remaining_stock": 19,
            "delivery_period": 15
        }
    },
    {
        "model": "store.product",
        "pk": 26,
        "fields": {
            "name": "For your home",
            "description": "Lorem ipsum dolor sit amet, deserunt tractatos vituperata et pri, quot nulla scribentur est ne, vix ut dicta doming. Eos altera labores ei. Id usu aperiri fastidii petentium, nusquam reprimique mea id. Etiam vivendum et eam, an augue minim pro, qui id eruditi liberavisse.",
            "price": 13.0,
            "image": 36,
            "remaining_stock": 2,
            "delivery_period": 7
        }
    },
    {
        "model": "store.product",
        "pk": 27,
        "fields": {
            "name": "Earrings",
            "description": "Lorem ipsum dolor sit amet, deserunt tractatos vituperata et pri, quot nulla scribentur est ne, vix ut dicta doming. Eos altera labores ei. Id usu aperiri fastidii petentium, nusquam reprimique mea id. Etiam vivendum et eam, an augue minim pro, qui id eruditi liberavisse.",
            "price": 64.0,
            "image": 37,
            "remaining_stock": 12,
            "delivery_period": 3
        }
    },
    {
        "model": "store.product",
        "pk": 28,
        "fields": {
            "name": "African style bag",
            "description": "Lorem ipsum dolor sit amet, deserunt tractatos vituperata et pri, quot nulla scribentur est ne, vix ut dicta doming. Eos altera labores ei. Id usu aperiri fastidii petentium, nusquam reprimique mea id. Etiam vivendum et eam, an augue minim pro, qui id eruditi liberavisse.",
            "price": 195.0,
            "image": 38,
            "remaining_stock": 10,
            "delivery_period": 8
        }
    },
    {
        "model": "store.product",
        "pk": 29,
        "fields": {
            "name": "Basket",
            "description": "Lorem ipsum dolor sit amet, deserunt tractatos vituperata et pri, quot nulla scribentur est ne, vix ut dicta doming. Eos altera labores ei. Id usu aperiri fastidii petentium, nusquam reprimique mea id. Etiam vivendum et eam, an augue minim pro, qui id eruditi liberavisse.",
            "price": 99.0,
            "image": 39,
            "remaining_stock": 3,
            "delivery_period": 8
        }
    },
    {
        "model": "store.product",
        "pk": 30,
        "fields": {
            "name": "Crochet bag",
            "description": "Lorem ipsum dolor sit amet, deserunt tractatos vituperata et pri, quot nulla scribentur est ne, vix ut dicta doming. Eos altera labores ei. Id usu aperiri fastidii petentium, nusquam reprimique mea id. Etiam vivendum et eam, an augue minim pro, qui id eruditi liberavisse.",
            "price": 135.0,
            "image": 40,
            "remaining_stock": 3,
            "delivery_period": 8
        }
    },
    {
        "model": "store.product",
        "pk": 31,
        "fields": {
            "name": "Baby head cover",
            "description": "Lorem ipsum dolor sit amet, deserunt tractatos vituperata et pri, quot nulla scribentur est ne, vix ut dicta doming. Eos altera labores ei. Id usu aperiri fastidii petentium, nusquam reprimique mea id. Etiam vivendum et eam, an augue minim pro, qui id eruditi liberavisse.",
            "price": 127.0,
            "image": 41,
            "remaining_stock": 7,
            "delivery_period": 4
        }
    },
    {
        "model": "store.product",
        "pk": 32,
        "fields": {
            "name": "African style crochet bag",
            "description": "Lorem ipsum dolor sit amet, deserunt tractatos vituperata et pri, quot nulla scribentur est ne, vix ut dicta doming. Eos altera labores ei. Id usu aperiri fastidii petentium, nusquam reprimique mea id. Etiam vivendum et eam, an augue minim pro, qui id eruditi liberavisse.",
            "price": 122.0,
            "image": 42,
            "remaining_stock": 6,
            "delivery_period": 10
        }
    },
    {
        "model": "store.product",
        "pk": 33,
        "fields": {
            "name": "Crochet door mat",
            "description": "Lorem ipsum dolor sit amet, deserunt tractatos vituperata et pri, quot nulla scribentur est ne, vix ut dicta doming. Eos altera labores ei. Id usu aperiri fastidii petentium, nusquam reprimique mea id. Etiam vivendum et eam, an augue minim pro, qui id eruditi liberavisse.",
            "price": 128.0,
            "image": 43,
            "remaining_stock": 6,
            "delivery_period": 6
        }
    },
    {
        "model": "store.product",
        "pk": 34,
        "fields": {
            "name": "Baby shoes",
            "description": "Lorem ipsum dolor sit amet, deserunt tractatos vituperata et pri, quot nulla scribentur est ne, vix ut dicta doming. Eos altera labores ei. Id usu aperiri fastidii petentium, nusquam reprimique mea id. Etiam vivendum et eam, an augue minim pro, qui id eruditi liberavisse.",
            "price": 180.0,
            "image": 44,
            "remaining_stock": 7,
            "delivery_period": 12
        }
    },
    {
        "model": "store.product",
        "pk": 35,
        "fields": {
            "name": "Leather bag",
            "description": "Lorem ipsum dolor sit amet, deserunt tractatos vituperata et pri, quot nulla scribentur est ne, vix ut dicta doming. Eos altera labores ei. Id usu aperiri fastidii petentium, nusquam reprimique mea id. Etiam vivendum et eam, an augue minim pro, qui id eruditi liberavisse.",
            "price": 299.0,
            "image": 45,
            "remaining_stock": 5,
            "delivery_period": 7
        }
    },
    {
        "model": "store.product",
        "pk": 36,
        "fields": {
            "name": "Gift box set",
            "description": "Lorem ipsum dolor sit amet, deserunt tractatos vituperata et pri, quot nulla scribentur est ne, vix ut dicta doming. Eos altera labores ei. Id usu aperiri fastidii petentium, nusquam reprimique mea id. Etiam vivendum et eam, an augue minim pro, qui id eruditi liberavisse.",
            "price": 120.0,
            "image": 46,
            "remaining_stock": 2,
            "delivery_period": 5
        }
    },
    {
        "model": "store.product",
        "pk": 37,
        "fields": {
            "name": "Office Notebook",
            "description": "Lorem ipsum dolor sit amet, deserunt tractatos vituperata et pri, quot nulla scribentur est ne, vix ut dicta doming. Eos altera labores ei. Id usu aperiri fastidii petentium, nusquam reprimique mea id. Etiam vivendum et eam, an augue minim pro, qui id eruditi liberavisse.",
            "price": 65.0,
            "image": 47,
            "remaining_stock": 11,
            "delivery_period": 11
        }
    },
    {
        "model": "store.product",
        "pk": 38,
        "fields": {
            "name": "Wodden wallet",
            "description": "Lorem ipsum dolor sit amet, deserunt tractatos vituperata et pri, quot nulla scribentur est ne, vix ut dicta doming. Eos altera labores ei. Id usu aperiri fastidii petentium, nusquam reprimique mea id. Etiam vivendum et eam, an augue minim pro, qui id eruditi liberavisse.",
            "price": 90.0,
            "image": 48,
            "remaining_stock": 6,
            "delivery_period": 6
        }
    },
    {
        "model": "store.cartitem",
        "pk": 54,
        "fields": {
            "cart_id": 1,
            "order_id": null,
            "product": 31,
            "quantity": 1
        }
    },
    {
        "model": "store.shippingfees",
        "pk": 3,
        "fields": {
            "amount": 35.0
        }
    },
    {
        "model": "mail.mailtemplate",
        "pk": 1,
        "fields": {
            "template_name": "new_order_user",
            "mail_subject": "Your Order is under preparation!",
            "mail_body": "<h3><strong>Dear {user_name},</strong></h3>\n\n<p><b>Your order number {order_number} is currently under preparation</b></p>\n\n<p>{order_summary}</p>\n\n<p><b>Best Regards,</b></p>\n\n<p><b>{website_name} team</b></p>\n\n<p>\u00a0</p>"
        }
    },
    {
        "model": "mail.mailtemplate",
        "pk": 3,
        "fields": {
            "template_name": "new_order_admin",
            "mail_subject": "A new order has been placed!",
            "mail_body": "<h3><strong>Dear {website_name} Admin,</strong></h3>\n\n<p><b>A new order has been placed!</b></p>\n\n<p>{order_summary}</p>\n\n<p><strong>Kindly take the necessary action</strong></p>"
        }
    },
    {
        "model": "mail.mailtemplate",
        "pk": 4,
        "fields": {
            "template_name": "cancel_order_user",
            "mail_subject": "Your Order has been cancelled!",
            "mail_body": "<h3><strong>Dear {user_name},</strong></h3>\n\n<p><b>Your order number {order_number} has been cancelled as per your request.</b></p>\n\n<p><b>Best Regards,</b></p>\n\n<p><b>{website_name}\u00a0team</b></p>"
        }
    },
    {
        "model": "mail.mailtemplate",
        "pk": 5,
        "fields": {
            "template_name": "cancel_order_admin",
            "mail_subject": "An order has been cancelled!",
            "mail_body": "<h3><strong>Dear {website_name} Admin,</strong></h3>\n\n<p><b>Order number {order_number} has been cancelled by the user.</b></p>\n\n<p><b>Kindly take the necessary actions.</b></p>"
        }
    },
    {
        "model": "mail.mailtemplate",
        "pk": 6,
        "fields": {
            "template_name": "new_user_signup",
            "mail_subject": "Welcome !",
            "mail_body": "<h3><strong>Dear {user_name},</strong></h3>\n\n<p><strong>Thanks for your interest in our products!</strong></p>\n\n<p><strong>In order to complete your registration, please copy and paste the following link in your browser:</strong></p>\n\n<p><strong>{activation_link}</strong></p>\n\n<p><strong>Best Regards,</strong></p>\n\n<p><strong>{website_name} team</strong></p>"
        }
    },
    {
        "model": "auth.permission",
        "pk": 1,
        "fields": {
            "name": "Can use Structure mode",
            "content_type": 1,
            "codename": "use_structure"
        }
    },
    {
        "model": "auth.permission",
        "pk": 2,
        "fields": {
            "name": "Can change page",
            "content_type": 2,
            "codename": "change_page"
        }
    },
    {
        "model": "auth.permission",
        "pk": 3,
        "fields": {
            "name": "Can add permission",
            "content_type": 3,
            "codename": "add_permission"
        }
    },
    {
        "model": "auth.permission",
        "pk": 4,
        "fields": {
            "name": "Can change permission",
            "content_type": 3,
            "codename": "change_permission"
        }
    },
    {
        "model": "auth.permission",
        "pk": 5,
        "fields": {
            "name": "Can delete permission",
            "content_type": 3,
            "codename": "delete_permission"
        }
    },
    {
        "model": "auth.permission",
        "pk": 6,
        "fields": {
            "name": "Can add group",
            "content_type": 4,
            "codename": "add_group"
        }
    },
    {
        "model": "auth.permission",
        "pk": 7,
        "fields": {
            "name": "Can change group",
            "content_type": 4,
            "codename": "change_group"
        }
    },
    {
        "model": "auth.permission",
        "pk": 8,
        "fields": {
            "name": "Can delete group",
            "content_type": 4,
            "codename": "delete_group"
        }
    },
    {
        "model": "auth.permission",
        "pk": 9,
        "fields": {
            "name": "Can add user",
            "content_type": 5,
            "codename": "add_user"
        }
    },
    {
        "model": "auth.permission",
        "pk": 10,
        "fields": {
            "name": "Can change user",
            "content_type": 5,
            "codename": "change_user"
        }
    },
    {
        "model": "auth.permission",
        "pk": 11,
        "fields": {
            "name": "Can delete user",
            "content_type": 5,
            "codename": "delete_user"
        }
    },
    {
        "model": "auth.permission",
        "pk": 12,
        "fields": {
            "name": "Can add content type",
            "content_type": 6,
            "codename": "add_contenttype"
        }
    },
    {
        "model": "auth.permission",
        "pk": 13,
        "fields": {
            "name": "Can change content type",
            "content_type": 6,
            "codename": "change_contenttype"
        }
    },
    {
        "model": "auth.permission",
        "pk": 14,
        "fields": {
            "name": "Can delete content type",
            "content_type": 6,
            "codename": "delete_contenttype"
        }
    },
    {
        "model": "auth.permission",
        "pk": 15,
        "fields": {
            "name": "Can add session",
            "content_type": 7,
            "codename": "add_session"
        }
    },
    {
        "model": "auth.permission",
        "pk": 16,
        "fields": {
            "name": "Can change session",
            "content_type": 7,
            "codename": "change_session"
        }
    },
    {
        "model": "auth.permission",
        "pk": 17,
        "fields": {
            "name": "Can delete session",
            "content_type": 7,
            "codename": "delete_session"
        }
    },
    {
        "model": "auth.permission",
        "pk": 18,
        "fields": {
            "name": "Can add log entry",
            "content_type": 8,
            "codename": "add_logentry"
        }
    },
    {
        "model": "auth.permission",
        "pk": 19,
        "fields": {
            "name": "Can change log entry",
            "content_type": 8,
            "codename": "change_logentry"
        }
    },
    {
        "model": "auth.permission",
        "pk": 20,
        "fields": {
            "name": "Can delete log entry",
            "content_type": 8,
            "codename": "delete_logentry"
        }
    },
    {
        "model": "auth.permission",
        "pk": 21,
        "fields": {
            "name": "Can add site",
            "content_type": 9,
            "codename": "add_site"
        }
    },
    {
        "model": "auth.permission",
        "pk": 22,
        "fields": {
            "name": "Can change site",
            "content_type": 9,
            "codename": "change_site"
        }
    },
    {
        "model": "auth.permission",
        "pk": 23,
        "fields": {
            "name": "Can delete site",
            "content_type": 9,
            "codename": "delete_site"
        }
    },
    {
        "model": "auth.permission",
        "pk": 24,
        "fields": {
            "name": "Can add cms plugin",
            "content_type": 10,
            "codename": "add_cmsplugin"
        }
    },
    {
        "model": "auth.permission",
        "pk": 25,
        "fields": {
            "name": "Can change cms plugin",
            "content_type": 10,
            "codename": "change_cmsplugin"
        }
    },
    {
        "model": "auth.permission",
        "pk": 26,
        "fields": {
            "name": "Can delete cms plugin",
            "content_type": 10,
            "codename": "delete_cmsplugin"
        }
    },
    {
        "model": "auth.permission",
        "pk": 27,
        "fields": {
            "name": "Can add alias plugin model",
            "content_type": 11,
            "codename": "add_aliaspluginmodel"
        }
    },
    {
        "model": "auth.permission",
        "pk": 28,
        "fields": {
            "name": "Can change alias plugin model",
            "content_type": 11,
            "codename": "change_aliaspluginmodel"
        }
    },
    {
        "model": "auth.permission",
        "pk": 29,
        "fields": {
            "name": "Can delete alias plugin model",
            "content_type": 11,
            "codename": "delete_aliaspluginmodel"
        }
    },
    {
        "model": "auth.permission",
        "pk": 30,
        "fields": {
            "name": "Can add Page global permission",
            "content_type": 12,
            "codename": "add_globalpagepermission"
        }
    },
    {
        "model": "auth.permission",
        "pk": 31,
        "fields": {
            "name": "Can change Page global permission",
            "content_type": 12,
            "codename": "change_globalpagepermission"
        }
    },
    {
        "model": "auth.permission",
        "pk": 32,
        "fields": {
            "name": "Can delete Page global permission",
            "content_type": 12,
            "codename": "delete_globalpagepermission"
        }
    },
    {
        "model": "auth.permission",
        "pk": 33,
        "fields": {
            "name": "Can add page",
            "content_type": 2,
            "codename": "add_page"
        }
    },
    {
        "model": "auth.permission",
        "pk": 34,
        "fields": {
            "name": "Can delete page",
            "content_type": 2,
            "codename": "delete_page"
        }
    },
    {
        "model": "auth.permission",
        "pk": 35,
        "fields": {
            "name": "Can view page",
            "content_type": 2,
            "codename": "view_page"
        }
    },
    {
        "model": "auth.permission",
        "pk": 36,
        "fields": {
            "name": "Can publish page",
            "content_type": 2,
            "codename": "publish_page"
        }
    },
    {
        "model": "auth.permission",
        "pk": 37,
        "fields": {
            "name": "Can edit static placeholders",
            "content_type": 2,
            "codename": "edit_static_placeholder"
        }
    },
    {
        "model": "auth.permission",
        "pk": 38,
        "fields": {
            "name": "Can add Page permission",
            "content_type": 13,
            "codename": "add_pagepermission"
        }
    },
    {
        "model": "auth.permission",
        "pk": 39,
        "fields": {
            "name": "Can change Page permission",
            "content_type": 13,
            "codename": "change_pagepermission"
        }
    },
    {
        "model": "auth.permission",
        "pk": 40,
        "fields": {
            "name": "Can delete Page permission",
            "content_type": 13,
            "codename": "delete_pagepermission"
        }
    },
    {
        "model": "auth.permission",
        "pk": 41,
        "fields": {
            "name": "Can add User (page)",
            "content_type": 14,
            "codename": "add_pageuser"
        }
    },
    {
        "model": "auth.permission",
        "pk": 42,
        "fields": {
            "name": "Can change User (page)",
            "content_type": 14,
            "codename": "change_pageuser"
        }
    },
    {
        "model": "auth.permission",
        "pk": 43,
        "fields": {
            "name": "Can delete User (page)",
            "content_type": 14,
            "codename": "delete_pageuser"
        }
    },
    {
        "model": "auth.permission",
        "pk": 44,
        "fields": {
            "name": "Can add User group (page)",
            "content_type": 15,
            "codename": "add_pageusergroup"
        }
    },
    {
        "model": "auth.permission",
        "pk": 45,
        "fields": {
            "name": "Can change User group (page)",
            "content_type": 15,
            "codename": "change_pageusergroup"
        }
    },
    {
        "model": "auth.permission",
        "pk": 46,
        "fields": {
            "name": "Can delete User group (page)",
            "content_type": 15,
            "codename": "delete_pageusergroup"
        }
    },
    {
        "model": "auth.permission",
        "pk": 47,
        "fields": {
            "name": "Can add placeholder",
            "content_type": 1,
            "codename": "add_placeholder"
        }
    },
    {
        "model": "auth.permission",
        "pk": 48,
        "fields": {
            "name": "Can change placeholder",
            "content_type": 1,
            "codename": "change_placeholder"
        }
    },
    {
        "model": "auth.permission",
        "pk": 49,
        "fields": {
            "name": "Can delete placeholder",
            "content_type": 1,
            "codename": "delete_placeholder"
        }
    },
    {
        "model": "auth.permission",
        "pk": 50,
        "fields": {
            "name": "Can add placeholder reference",
            "content_type": 16,
            "codename": "add_placeholderreference"
        }
    },
    {
        "model": "auth.permission",
        "pk": 51,
        "fields": {
            "name": "Can change placeholder reference",
            "content_type": 16,
            "codename": "change_placeholderreference"
        }
    },
    {
        "model": "auth.permission",
        "pk": 52,
        "fields": {
            "name": "Can delete placeholder reference",
            "content_type": 16,
            "codename": "delete_placeholderreference"
        }
    },
    {
        "model": "auth.permission",
        "pk": 53,
        "fields": {
            "name": "Can add static placeholder",
            "content_type": 17,
            "codename": "add_staticplaceholder"
        }
    },
    {
        "model": "auth.permission",
        "pk": 54,
        "fields": {
            "name": "Can change static placeholder",
            "content_type": 17,
            "codename": "change_staticplaceholder"
        }
    },
    {
        "model": "auth.permission",
        "pk": 55,
        "fields": {
            "name": "Can delete static placeholder",
            "content_type": 17,
            "codename": "delete_staticplaceholder"
        }
    },
    {
        "model": "auth.permission",
        "pk": 56,
        "fields": {
            "name": "Can add title",
            "content_type": 18,
            "codename": "add_title"
        }
    },
    {
        "model": "auth.permission",
        "pk": 57,
        "fields": {
            "name": "Can change title",
            "content_type": 18,
            "codename": "change_title"
        }
    },
    {
        "model": "auth.permission",
        "pk": 58,
        "fields": {
            "name": "Can delete title",
            "content_type": 18,
            "codename": "delete_title"
        }
    },
    {
        "model": "auth.permission",
        "pk": 59,
        "fields": {
            "name": "Can add user setting",
            "content_type": 19,
            "codename": "add_usersettings"
        }
    },
    {
        "model": "auth.permission",
        "pk": 60,
        "fields": {
            "name": "Can change user setting",
            "content_type": 19,
            "codename": "change_usersettings"
        }
    },
    {
        "model": "auth.permission",
        "pk": 61,
        "fields": {
            "name": "Can delete user setting",
            "content_type": 19,
            "codename": "delete_usersettings"
        }
    },
    {
        "model": "auth.permission",
        "pk": 62,
        "fields": {
            "name": "Can add urlconf revision",
            "content_type": 20,
            "codename": "add_urlconfrevision"
        }
    },
    {
        "model": "auth.permission",
        "pk": 63,
        "fields": {
            "name": "Can change urlconf revision",
            "content_type": 20,
            "codename": "change_urlconfrevision"
        }
    },
    {
        "model": "auth.permission",
        "pk": 64,
        "fields": {
            "name": "Can delete urlconf revision",
            "content_type": 20,
            "codename": "delete_urlconfrevision"
        }
    },
    {
        "model": "auth.permission",
        "pk": 65,
        "fields": {
            "name": "Can add cache key",
            "content_type": 21,
            "codename": "add_cachekey"
        }
    },
    {
        "model": "auth.permission",
        "pk": 66,
        "fields": {
            "name": "Can change cache key",
            "content_type": 21,
            "codename": "change_cachekey"
        }
    },
    {
        "model": "auth.permission",
        "pk": 67,
        "fields": {
            "name": "Can delete cache key",
            "content_type": 21,
            "codename": "delete_cachekey"
        }
    },
    {
        "model": "auth.permission",
        "pk": 68,
        "fields": {
            "name": "Can add text",
            "content_type": 22,
            "codename": "add_text"
        }
    },
    {
        "model": "auth.permission",
        "pk": 69,
        "fields": {
            "name": "Can change text",
            "content_type": 22,
            "codename": "change_text"
        }
    },
    {
        "model": "auth.permission",
        "pk": 70,
        "fields": {
            "name": "Can delete text",
            "content_type": 22,
            "codename": "delete_text"
        }
    },
    {
        "model": "auth.permission",
        "pk": 71,
        "fields": {
            "name": "Can add clipboard",
            "content_type": 23,
            "codename": "add_clipboard"
        }
    },
    {
        "model": "auth.permission",
        "pk": 72,
        "fields": {
            "name": "Can change clipboard",
            "content_type": 23,
            "codename": "change_clipboard"
        }
    },
    {
        "model": "auth.permission",
        "pk": 73,
        "fields": {
            "name": "Can delete clipboard",
            "content_type": 23,
            "codename": "delete_clipboard"
        }
    },
    {
        "model": "auth.permission",
        "pk": 74,
        "fields": {
            "name": "Can add clipboard item",
            "content_type": 24,
            "codename": "add_clipboarditem"
        }
    },
    {
        "model": "auth.permission",
        "pk": 75,
        "fields": {
            "name": "Can change clipboard item",
            "content_type": 24,
            "codename": "change_clipboarditem"
        }
    },
    {
        "model": "auth.permission",
        "pk": 76,
        "fields": {
            "name": "Can delete clipboard item",
            "content_type": 24,
            "codename": "delete_clipboarditem"
        }
    },
    {
        "model": "auth.permission",
        "pk": 77,
        "fields": {
            "name": "Can add file",
            "content_type": 25,
            "codename": "add_file"
        }
    },
    {
        "model": "auth.permission",
        "pk": 78,
        "fields": {
            "name": "Can change file",
            "content_type": 25,
            "codename": "change_file"
        }
    },
    {
        "model": "auth.permission",
        "pk": 79,
        "fields": {
            "name": "Can delete file",
            "content_type": 25,
            "codename": "delete_file"
        }
    },
    {
        "model": "auth.permission",
        "pk": 80,
        "fields": {
            "name": "Can add Folder",
            "content_type": 26,
            "codename": "add_folder"
        }
    },
    {
        "model": "auth.permission",
        "pk": 81,
        "fields": {
            "name": "Can change Folder",
            "content_type": 26,
            "codename": "change_folder"
        }
    },
    {
        "model": "auth.permission",
        "pk": 82,
        "fields": {
            "name": "Can delete Folder",
            "content_type": 26,
            "codename": "delete_folder"
        }
    },
    {
        "model": "auth.permission",
        "pk": 83,
        "fields": {
            "name": "Can use directory listing",
            "content_type": 26,
            "codename": "can_use_directory_listing"
        }
    },
    {
        "model": "auth.permission",
        "pk": 84,
        "fields": {
            "name": "Can add folder permission",
            "content_type": 27,
            "codename": "add_folderpermission"
        }
    },
    {
        "model": "auth.permission",
        "pk": 85,
        "fields": {
            "name": "Can change folder permission",
            "content_type": 27,
            "codename": "change_folderpermission"
        }
    },
    {
        "model": "auth.permission",
        "pk": 86,
        "fields": {
            "name": "Can delete folder permission",
            "content_type": 27,
            "codename": "delete_folderpermission"
        }
    },
    {
        "model": "auth.permission",
        "pk": 87,
        "fields": {
            "name": "Can add image",
            "content_type": 28,
            "codename": "add_image"
        }
    },
    {
        "model": "auth.permission",
        "pk": 88,
        "fields": {
            "name": "Can change image",
            "content_type": 28,
            "codename": "change_image"
        }
    },
    {
        "model": "auth.permission",
        "pk": 89,
        "fields": {
            "name": "Can delete image",
            "content_type": 28,
            "codename": "delete_image"
        }
    },
    {
        "model": "auth.permission",
        "pk": 90,
        "fields": {
            "name": "Can add thumbnail option",
            "content_type": 29,
            "codename": "add_thumbnailoption"
        }
    },
    {
        "model": "auth.permission",
        "pk": 91,
        "fields": {
            "name": "Can change thumbnail option",
            "content_type": 29,
            "codename": "change_thumbnailoption"
        }
    },
    {
        "model": "auth.permission",
        "pk": 92,
        "fields": {
            "name": "Can delete thumbnail option",
            "content_type": 29,
            "codename": "delete_thumbnailoption"
        }
    },
    {
        "model": "auth.permission",
        "pk": 93,
        "fields": {
            "name": "Can add source",
            "content_type": 30,
            "codename": "add_source"
        }
    },
    {
        "model": "auth.permission",
        "pk": 94,
        "fields": {
            "name": "Can change source",
            "content_type": 30,
            "codename": "change_source"
        }
    },
    {
        "model": "auth.permission",
        "pk": 95,
        "fields": {
            "name": "Can delete source",
            "content_type": 30,
            "codename": "delete_source"
        }
    },
    {
        "model": "auth.permission",
        "pk": 96,
        "fields": {
            "name": "Can add thumbnail",
            "content_type": 31,
            "codename": "add_thumbnail"
        }
    },
    {
        "model": "auth.permission",
        "pk": 97,
        "fields": {
            "name": "Can change thumbnail",
            "content_type": 31,
            "codename": "change_thumbnail"
        }
    },
    {
        "model": "auth.permission",
        "pk": 98,
        "fields": {
            "name": "Can delete thumbnail",
            "content_type": 31,
            "codename": "delete_thumbnail"
        }
    },
    {
        "model": "auth.permission",
        "pk": 99,
        "fields": {
            "name": "Can add thumbnail dimensions",
            "content_type": 32,
            "codename": "add_thumbnaildimensions"
        }
    },
    {
        "model": "auth.permission",
        "pk": 100,
        "fields": {
            "name": "Can change thumbnail dimensions",
            "content_type": 32,
            "codename": "change_thumbnaildimensions"
        }
    },
    {
        "model": "auth.permission",
        "pk": 101,
        "fields": {
            "name": "Can delete thumbnail dimensions",
            "content_type": 32,
            "codename": "delete_thumbnaildimensions"
        }
    },
    {
        "model": "auth.permission",
        "pk": 102,
        "fields": {
            "name": "Can add column",
            "content_type": 33,
            "codename": "add_column"
        }
    },
    {
        "model": "auth.permission",
        "pk": 103,
        "fields": {
            "name": "Can change column",
            "content_type": 33,
            "codename": "change_column"
        }
    },
    {
        "model": "auth.permission",
        "pk": 104,
        "fields": {
            "name": "Can delete column",
            "content_type": 33,
            "codename": "delete_column"
        }
    },
    {
        "model": "auth.permission",
        "pk": 105,
        "fields": {
            "name": "Can add multi columns",
            "content_type": 34,
            "codename": "add_multicolumns"
        }
    },
    {
        "model": "auth.permission",
        "pk": 106,
        "fields": {
            "name": "Can change multi columns",
            "content_type": 34,
            "codename": "change_multicolumns"
        }
    },
    {
        "model": "auth.permission",
        "pk": 107,
        "fields": {
            "name": "Can delete multi columns",
            "content_type": 34,
            "codename": "delete_multicolumns"
        }
    },
    {
        "model": "auth.permission",
        "pk": 108,
        "fields": {
            "name": "Can add file",
            "content_type": 35,
            "codename": "add_file"
        }
    },
    {
        "model": "auth.permission",
        "pk": 109,
        "fields": {
            "name": "Can change file",
            "content_type": 35,
            "codename": "change_file"
        }
    },
    {
        "model": "auth.permission",
        "pk": 110,
        "fields": {
            "name": "Can delete file",
            "content_type": 35,
            "codename": "delete_file"
        }
    },
    {
        "model": "auth.permission",
        "pk": 111,
        "fields": {
            "name": "Can add folder",
            "content_type": 36,
            "codename": "add_folder"
        }
    },
    {
        "model": "auth.permission",
        "pk": 112,
        "fields": {
            "name": "Can change folder",
            "content_type": 36,
            "codename": "change_folder"
        }
    },
    {
        "model": "auth.permission",
        "pk": 113,
        "fields": {
            "name": "Can delete folder",
            "content_type": 36,
            "codename": "delete_folder"
        }
    },
    {
        "model": "auth.permission",
        "pk": 114,
        "fields": {
            "name": "Can add link",
            "content_type": 37,
            "codename": "add_link"
        }
    },
    {
        "model": "auth.permission",
        "pk": 115,
        "fields": {
            "name": "Can change link",
            "content_type": 37,
            "codename": "change_link"
        }
    },
    {
        "model": "auth.permission",
        "pk": 116,
        "fields": {
            "name": "Can delete link",
            "content_type": 37,
            "codename": "delete_link"
        }
    },
    {
        "model": "auth.permission",
        "pk": 117,
        "fields": {
            "name": "Can add picture",
            "content_type": 38,
            "codename": "add_picture"
        }
    },
    {
        "model": "auth.permission",
        "pk": 118,
        "fields": {
            "name": "Can change picture",
            "content_type": 38,
            "codename": "change_picture"
        }
    },
    {
        "model": "auth.permission",
        "pk": 119,
        "fields": {
            "name": "Can delete picture",
            "content_type": 38,
            "codename": "delete_picture"
        }
    },
    {
        "model": "auth.permission",
        "pk": 120,
        "fields": {
            "name": "Can add style",
            "content_type": 39,
            "codename": "add_style"
        }
    },
    {
        "model": "auth.permission",
        "pk": 121,
        "fields": {
            "name": "Can change style",
            "content_type": 39,
            "codename": "change_style"
        }
    },
    {
        "model": "auth.permission",
        "pk": 122,
        "fields": {
            "name": "Can delete style",
            "content_type": 39,
            "codename": "delete_style"
        }
    },
    {
        "model": "auth.permission",
        "pk": 123,
        "fields": {
            "name": "Can add Snippet",
            "content_type": 40,
            "codename": "add_snippet"
        }
    },
    {
        "model": "auth.permission",
        "pk": 124,
        "fields": {
            "name": "Can change Snippet",
            "content_type": 40,
            "codename": "change_snippet"
        }
    },
    {
        "model": "auth.permission",
        "pk": 125,
        "fields": {
            "name": "Can delete Snippet",
            "content_type": 40,
            "codename": "delete_snippet"
        }
    },
    {
        "model": "auth.permission",
        "pk": 126,
        "fields": {
            "name": "Can add Snippet",
            "content_type": 41,
            "codename": "add_snippetptr"
        }
    },
    {
        "model": "auth.permission",
        "pk": 127,
        "fields": {
            "name": "Can change Snippet",
            "content_type": 41,
            "codename": "change_snippetptr"
        }
    },
    {
        "model": "auth.permission",
        "pk": 128,
        "fields": {
            "name": "Can delete Snippet",
            "content_type": 41,
            "codename": "delete_snippetptr"
        }
    },
    {
        "model": "auth.permission",
        "pk": 129,
        "fields": {
            "name": "Can add google map",
            "content_type": 42,
            "codename": "add_googlemap"
        }
    },
    {
        "model": "auth.permission",
        "pk": 130,
        "fields": {
            "name": "Can change google map",
            "content_type": 42,
            "codename": "change_googlemap"
        }
    },
    {
        "model": "auth.permission",
        "pk": 131,
        "fields": {
            "name": "Can delete google map",
            "content_type": 42,
            "codename": "delete_googlemap"
        }
    },
    {
        "model": "auth.permission",
        "pk": 132,
        "fields": {
            "name": "Can add google map marker",
            "content_type": 43,
            "codename": "add_googlemapmarker"
        }
    },
    {
        "model": "auth.permission",
        "pk": 133,
        "fields": {
            "name": "Can change google map marker",
            "content_type": 43,
            "codename": "change_googlemapmarker"
        }
    },
    {
        "model": "auth.permission",
        "pk": 134,
        "fields": {
            "name": "Can delete google map marker",
            "content_type": 43,
            "codename": "delete_googlemapmarker"
        }
    },
    {
        "model": "auth.permission",
        "pk": 135,
        "fields": {
            "name": "Can add google map route",
            "content_type": 44,
            "codename": "add_googlemaproute"
        }
    },
    {
        "model": "auth.permission",
        "pk": 136,
        "fields": {
            "name": "Can change google map route",
            "content_type": 44,
            "codename": "change_googlemaproute"
        }
    },
    {
        "model": "auth.permission",
        "pk": 137,
        "fields": {
            "name": "Can delete google map route",
            "content_type": 44,
            "codename": "delete_googlemaproute"
        }
    },
    {
        "model": "auth.permission",
        "pk": 138,
        "fields": {
            "name": "Can add video player",
            "content_type": 45,
            "codename": "add_videoplayer"
        }
    },
    {
        "model": "auth.permission",
        "pk": 139,
        "fields": {
            "name": "Can change video player",
            "content_type": 45,
            "codename": "change_videoplayer"
        }
    },
    {
        "model": "auth.permission",
        "pk": 140,
        "fields": {
            "name": "Can delete video player",
            "content_type": 45,
            "codename": "delete_videoplayer"
        }
    },
    {
        "model": "auth.permission",
        "pk": 141,
        "fields": {
            "name": "Can add video source",
            "content_type": 46,
            "codename": "add_videosource"
        }
    },
    {
        "model": "auth.permission",
        "pk": 142,
        "fields": {
            "name": "Can change video source",
            "content_type": 46,
            "codename": "change_videosource"
        }
    },
    {
        "model": "auth.permission",
        "pk": 143,
        "fields": {
            "name": "Can delete video source",
            "content_type": 46,
            "codename": "delete_videosource"
        }
    },
    {
        "model": "auth.permission",
        "pk": 144,
        "fields": {
            "name": "Can add video track",
            "content_type": 47,
            "codename": "add_videotrack"
        }
    },
    {
        "model": "auth.permission",
        "pk": 145,
        "fields": {
            "name": "Can change video track",
            "content_type": 47,
            "codename": "change_videotrack"
        }
    },
    {
        "model": "auth.permission",
        "pk": 146,
        "fields": {
            "name": "Can delete video track",
            "content_type": 47,
            "codename": "delete_videotrack"
        }
    },
    {
        "model": "auth.permission",
        "pk": 147,
        "fields": {
            "name": "Can add icon",
            "content_type": 48,
            "codename": "add_icon"
        }
    },
    {
        "model": "auth.permission",
        "pk": 148,
        "fields": {
            "name": "Can change icon",
            "content_type": 48,
            "codename": "change_icon"
        }
    },
    {
        "model": "auth.permission",
        "pk": 149,
        "fields": {
            "name": "Can delete icon",
            "content_type": 48,
            "codename": "delete_icon"
        }
    },
    {
        "model": "auth.permission",
        "pk": 150,
        "fields": {
            "name": "Can add bootstrap4 alerts",
            "content_type": 49,
            "codename": "add_bootstrap4alerts"
        }
    },
    {
        "model": "auth.permission",
        "pk": 151,
        "fields": {
            "name": "Can change bootstrap4 alerts",
            "content_type": 49,
            "codename": "change_bootstrap4alerts"
        }
    },
    {
        "model": "auth.permission",
        "pk": 152,
        "fields": {
            "name": "Can delete bootstrap4 alerts",
            "content_type": 49,
            "codename": "delete_bootstrap4alerts"
        }
    },
    {
        "model": "auth.permission",
        "pk": 153,
        "fields": {
            "name": "Can add bootstrap4 badge",
            "content_type": 50,
            "codename": "add_bootstrap4badge"
        }
    },
    {
        "model": "auth.permission",
        "pk": 154,
        "fields": {
            "name": "Can change bootstrap4 badge",
            "content_type": 50,
            "codename": "change_bootstrap4badge"
        }
    },
    {
        "model": "auth.permission",
        "pk": 155,
        "fields": {
            "name": "Can delete bootstrap4 badge",
            "content_type": 50,
            "codename": "delete_bootstrap4badge"
        }
    },
    {
        "model": "auth.permission",
        "pk": 156,
        "fields": {
            "name": "Can add bootstrap4 card",
            "content_type": 51,
            "codename": "add_bootstrap4card"
        }
    },
    {
        "model": "auth.permission",
        "pk": 157,
        "fields": {
            "name": "Can change bootstrap4 card",
            "content_type": 51,
            "codename": "change_bootstrap4card"
        }
    },
    {
        "model": "auth.permission",
        "pk": 158,
        "fields": {
            "name": "Can delete bootstrap4 card",
            "content_type": 51,
            "codename": "delete_bootstrap4card"
        }
    },
    {
        "model": "auth.permission",
        "pk": 159,
        "fields": {
            "name": "Can add bootstrap4 card inner",
            "content_type": 52,
            "codename": "add_bootstrap4cardinner"
        }
    },
    {
        "model": "auth.permission",
        "pk": 160,
        "fields": {
            "name": "Can change bootstrap4 card inner",
            "content_type": 52,
            "codename": "change_bootstrap4cardinner"
        }
    },
    {
        "model": "auth.permission",
        "pk": 161,
        "fields": {
            "name": "Can delete bootstrap4 card inner",
            "content_type": 52,
            "codename": "delete_bootstrap4cardinner"
        }
    },
    {
        "model": "auth.permission",
        "pk": 162,
        "fields": {
            "name": "Can add bootstrap4 carousel",
            "content_type": 53,
            "codename": "add_bootstrap4carousel"
        }
    },
    {
        "model": "auth.permission",
        "pk": 163,
        "fields": {
            "name": "Can change bootstrap4 carousel",
            "content_type": 53,
            "codename": "change_bootstrap4carousel"
        }
    },
    {
        "model": "auth.permission",
        "pk": 164,
        "fields": {
            "name": "Can delete bootstrap4 carousel",
            "content_type": 53,
            "codename": "delete_bootstrap4carousel"
        }
    },
    {
        "model": "auth.permission",
        "pk": 165,
        "fields": {
            "name": "Can add bootstrap4 carousel slide",
            "content_type": 54,
            "codename": "add_bootstrap4carouselslide"
        }
    },
    {
        "model": "auth.permission",
        "pk": 166,
        "fields": {
            "name": "Can change bootstrap4 carousel slide",
            "content_type": 54,
            "codename": "change_bootstrap4carouselslide"
        }
    },
    {
        "model": "auth.permission",
        "pk": 167,
        "fields": {
            "name": "Can delete bootstrap4 carousel slide",
            "content_type": 54,
            "codename": "delete_bootstrap4carouselslide"
        }
    },
    {
        "model": "auth.permission",
        "pk": 168,
        "fields": {
            "name": "Can add bootstrap4 collapse",
            "content_type": 55,
            "codename": "add_bootstrap4collapse"
        }
    },
    {
        "model": "auth.permission",
        "pk": 169,
        "fields": {
            "name": "Can change bootstrap4 collapse",
            "content_type": 55,
            "codename": "change_bootstrap4collapse"
        }
    },
    {
        "model": "auth.permission",
        "pk": 170,
        "fields": {
            "name": "Can delete bootstrap4 collapse",
            "content_type": 55,
            "codename": "delete_bootstrap4collapse"
        }
    },
    {
        "model": "auth.permission",
        "pk": 171,
        "fields": {
            "name": "Can add bootstrap4 collapse container",
            "content_type": 56,
            "codename": "add_bootstrap4collapsecontainer"
        }
    },
    {
        "model": "auth.permission",
        "pk": 172,
        "fields": {
            "name": "Can change bootstrap4 collapse container",
            "content_type": 56,
            "codename": "change_bootstrap4collapsecontainer"
        }
    },
    {
        "model": "auth.permission",
        "pk": 173,
        "fields": {
            "name": "Can delete bootstrap4 collapse container",
            "content_type": 56,
            "codename": "delete_bootstrap4collapsecontainer"
        }
    },
    {
        "model": "auth.permission",
        "pk": 174,
        "fields": {
            "name": "Can add bootstrap4 collapse trigger",
            "content_type": 57,
            "codename": "add_bootstrap4collapsetrigger"
        }
    },
    {
        "model": "auth.permission",
        "pk": 175,
        "fields": {
            "name": "Can change bootstrap4 collapse trigger",
            "content_type": 57,
            "codename": "change_bootstrap4collapsetrigger"
        }
    },
    {
        "model": "auth.permission",
        "pk": 176,
        "fields": {
            "name": "Can delete bootstrap4 collapse trigger",
            "content_type": 57,
            "codename": "delete_bootstrap4collapsetrigger"
        }
    },
    {
        "model": "auth.permission",
        "pk": 177,
        "fields": {
            "name": "Can add bootstrap4 blockquote",
            "content_type": 58,
            "codename": "add_bootstrap4blockquote"
        }
    },
    {
        "model": "auth.permission",
        "pk": 178,
        "fields": {
            "name": "Can change bootstrap4 blockquote",
            "content_type": 58,
            "codename": "change_bootstrap4blockquote"
        }
    },
    {
        "model": "auth.permission",
        "pk": 179,
        "fields": {
            "name": "Can delete bootstrap4 blockquote",
            "content_type": 58,
            "codename": "delete_bootstrap4blockquote"
        }
    },
    {
        "model": "auth.permission",
        "pk": 180,
        "fields": {
            "name": "Can add bootstrap4 code",
            "content_type": 59,
            "codename": "add_bootstrap4code"
        }
    },
    {
        "model": "auth.permission",
        "pk": 181,
        "fields": {
            "name": "Can change bootstrap4 code",
            "content_type": 59,
            "codename": "change_bootstrap4code"
        }
    },
    {
        "model": "auth.permission",
        "pk": 182,
        "fields": {
            "name": "Can delete bootstrap4 code",
            "content_type": 59,
            "codename": "delete_bootstrap4code"
        }
    },
    {
        "model": "auth.permission",
        "pk": 183,
        "fields": {
            "name": "Can add bootstrap4 figure",
            "content_type": 60,
            "codename": "add_bootstrap4figure"
        }
    },
    {
        "model": "auth.permission",
        "pk": 184,
        "fields": {
            "name": "Can change bootstrap4 figure",
            "content_type": 60,
            "codename": "change_bootstrap4figure"
        }
    },
    {
        "model": "auth.permission",
        "pk": 185,
        "fields": {
            "name": "Can delete bootstrap4 figure",
            "content_type": 60,
            "codename": "delete_bootstrap4figure"
        }
    },
    {
        "model": "auth.permission",
        "pk": 186,
        "fields": {
            "name": "Can add bootstrap4 grid column",
            "content_type": 61,
            "codename": "add_bootstrap4gridcolumn"
        }
    },
    {
        "model": "auth.permission",
        "pk": 187,
        "fields": {
            "name": "Can change bootstrap4 grid column",
            "content_type": 61,
            "codename": "change_bootstrap4gridcolumn"
        }
    },
    {
        "model": "auth.permission",
        "pk": 188,
        "fields": {
            "name": "Can delete bootstrap4 grid column",
            "content_type": 61,
            "codename": "delete_bootstrap4gridcolumn"
        }
    },
    {
        "model": "auth.permission",
        "pk": 189,
        "fields": {
            "name": "Can add bootstrap4 grid container",
            "content_type": 62,
            "codename": "add_bootstrap4gridcontainer"
        }
    },
    {
        "model": "auth.permission",
        "pk": 190,
        "fields": {
            "name": "Can change bootstrap4 grid container",
            "content_type": 62,
            "codename": "change_bootstrap4gridcontainer"
        }
    },
    {
        "model": "auth.permission",
        "pk": 191,
        "fields": {
            "name": "Can delete bootstrap4 grid container",
            "content_type": 62,
            "codename": "delete_bootstrap4gridcontainer"
        }
    },
    {
        "model": "auth.permission",
        "pk": 192,
        "fields": {
            "name": "Can add bootstrap4 grid row",
            "content_type": 63,
            "codename": "add_bootstrap4gridrow"
        }
    },
    {
        "model": "auth.permission",
        "pk": 193,
        "fields": {
            "name": "Can change bootstrap4 grid row",
            "content_type": 63,
            "codename": "change_bootstrap4gridrow"
        }
    },
    {
        "model": "auth.permission",
        "pk": 194,
        "fields": {
            "name": "Can delete bootstrap4 grid row",
            "content_type": 63,
            "codename": "delete_bootstrap4gridrow"
        }
    },
    {
        "model": "auth.permission",
        "pk": 195,
        "fields": {
            "name": "Can add bootstrap4 jumbotron",
            "content_type": 64,
            "codename": "add_bootstrap4jumbotron"
        }
    },
    {
        "model": "auth.permission",
        "pk": 196,
        "fields": {
            "name": "Can change bootstrap4 jumbotron",
            "content_type": 64,
            "codename": "change_bootstrap4jumbotron"
        }
    },
    {
        "model": "auth.permission",
        "pk": 197,
        "fields": {
            "name": "Can delete bootstrap4 jumbotron",
            "content_type": 64,
            "codename": "delete_bootstrap4jumbotron"
        }
    },
    {
        "model": "auth.permission",
        "pk": 198,
        "fields": {
            "name": "Can add bootstrap4 link",
            "content_type": 65,
            "codename": "add_bootstrap4link"
        }
    },
    {
        "model": "auth.permission",
        "pk": 199,
        "fields": {
            "name": "Can change bootstrap4 link",
            "content_type": 65,
            "codename": "change_bootstrap4link"
        }
    },
    {
        "model": "auth.permission",
        "pk": 200,
        "fields": {
            "name": "Can delete bootstrap4 link",
            "content_type": 65,
            "codename": "delete_bootstrap4link"
        }
    },
    {
        "model": "auth.permission",
        "pk": 201,
        "fields": {
            "name": "Can add bootstrap4 list group",
            "content_type": 66,
            "codename": "add_bootstrap4listgroup"
        }
    },
    {
        "model": "auth.permission",
        "pk": 202,
        "fields": {
            "name": "Can change bootstrap4 list group",
            "content_type": 66,
            "codename": "change_bootstrap4listgroup"
        }
    },
    {
        "model": "auth.permission",
        "pk": 203,
        "fields": {
            "name": "Can delete bootstrap4 list group",
            "content_type": 66,
            "codename": "delete_bootstrap4listgroup"
        }
    },
    {
        "model": "auth.permission",
        "pk": 204,
        "fields": {
            "name": "Can add bootstrap4 list group item",
            "content_type": 67,
            "codename": "add_bootstrap4listgroupitem"
        }
    },
    {
        "model": "auth.permission",
        "pk": 205,
        "fields": {
            "name": "Can change bootstrap4 list group item",
            "content_type": 67,
            "codename": "change_bootstrap4listgroupitem"
        }
    },
    {
        "model": "auth.permission",
        "pk": 206,
        "fields": {
            "name": "Can delete bootstrap4 list group item",
            "content_type": 67,
            "codename": "delete_bootstrap4listgroupitem"
        }
    },
    {
        "model": "auth.permission",
        "pk": 207,
        "fields": {
            "name": "Can add bootstrap4 media",
            "content_type": 68,
            "codename": "add_bootstrap4media"
        }
    },
    {
        "model": "auth.permission",
        "pk": 208,
        "fields": {
            "name": "Can change bootstrap4 media",
            "content_type": 68,
            "codename": "change_bootstrap4media"
        }
    },
    {
        "model": "auth.permission",
        "pk": 209,
        "fields": {
            "name": "Can delete bootstrap4 media",
            "content_type": 68,
            "codename": "delete_bootstrap4media"
        }
    },
    {
        "model": "auth.permission",
        "pk": 210,
        "fields": {
            "name": "Can add bootstrap4 media body",
            "content_type": 69,
            "codename": "add_bootstrap4mediabody"
        }
    },
    {
        "model": "auth.permission",
        "pk": 211,
        "fields": {
            "name": "Can change bootstrap4 media body",
            "content_type": 69,
            "codename": "change_bootstrap4mediabody"
        }
    },
    {
        "model": "auth.permission",
        "pk": 212,
        "fields": {
            "name": "Can delete bootstrap4 media body",
            "content_type": 69,
            "codename": "delete_bootstrap4mediabody"
        }
    },
    {
        "model": "auth.permission",
        "pk": 213,
        "fields": {
            "name": "Can add bootstrap4 picture",
            "content_type": 70,
            "codename": "add_bootstrap4picture"
        }
    },
    {
        "model": "auth.permission",
        "pk": 214,
        "fields": {
            "name": "Can change bootstrap4 picture",
            "content_type": 70,
            "codename": "change_bootstrap4picture"
        }
    },
    {
        "model": "auth.permission",
        "pk": 215,
        "fields": {
            "name": "Can delete bootstrap4 picture",
            "content_type": 70,
            "codename": "delete_bootstrap4picture"
        }
    },
    {
        "model": "auth.permission",
        "pk": 216,
        "fields": {
            "name": "Can add bootstrap4 tab",
            "content_type": 71,
            "codename": "add_bootstrap4tab"
        }
    },
    {
        "model": "auth.permission",
        "pk": 217,
        "fields": {
            "name": "Can change bootstrap4 tab",
            "content_type": 71,
            "codename": "change_bootstrap4tab"
        }
    },
    {
        "model": "auth.permission",
        "pk": 218,
        "fields": {
            "name": "Can delete bootstrap4 tab",
            "content_type": 71,
            "codename": "delete_bootstrap4tab"
        }
    },
    {
        "model": "auth.permission",
        "pk": 219,
        "fields": {
            "name": "Can add bootstrap4 tab item",
            "content_type": 72,
            "codename": "add_bootstrap4tabitem"
        }
    },
    {
        "model": "auth.permission",
        "pk": 220,
        "fields": {
            "name": "Can change bootstrap4 tab item",
            "content_type": 72,
            "codename": "change_bootstrap4tabitem"
        }
    },
    {
        "model": "auth.permission",
        "pk": 221,
        "fields": {
            "name": "Can delete bootstrap4 tab item",
            "content_type": 72,
            "codename": "delete_bootstrap4tabitem"
        }
    },
    {
        "model": "auth.permission",
        "pk": 222,
        "fields": {
            "name": "Can add bootstrap4 spacing",
            "content_type": 73,
            "codename": "add_bootstrap4spacing"
        }
    },
    {
        "model": "auth.permission",
        "pk": 223,
        "fields": {
            "name": "Can change bootstrap4 spacing",
            "content_type": 73,
            "codename": "change_bootstrap4spacing"
        }
    },
    {
        "model": "auth.permission",
        "pk": 224,
        "fields": {
            "name": "Can delete bootstrap4 spacing",
            "content_type": 73,
            "codename": "delete_bootstrap4spacing"
        }
    },
    {
        "model": "auth.permission",
        "pk": 225,
        "fields": {
            "name": "Can add cart",
            "content_type": 74,
            "codename": "add_cart"
        }
    },
    {
        "model": "auth.permission",
        "pk": 226,
        "fields": {
            "name": "Can change cart",
            "content_type": 74,
            "codename": "change_cart"
        }
    },
    {
        "model": "auth.permission",
        "pk": 227,
        "fields": {
            "name": "Can delete cart",
            "content_type": 74,
            "codename": "delete_cart"
        }
    },
    {
        "model": "auth.permission",
        "pk": 228,
        "fields": {
            "name": "Can add cart item",
            "content_type": 75,
            "codename": "add_cartitem"
        }
    },
    {
        "model": "auth.permission",
        "pk": 229,
        "fields": {
            "name": "Can change cart item",
            "content_type": 75,
            "codename": "change_cartitem"
        }
    },
    {
        "model": "auth.permission",
        "pk": 230,
        "fields": {
            "name": "Can delete cart item",
            "content_type": 75,
            "codename": "delete_cartitem"
        }
    },
    {
        "model": "auth.permission",
        "pk": 231,
        "fields": {
            "name": "Can add order",
            "content_type": 76,
            "codename": "add_order"
        }
    },
    {
        "model": "auth.permission",
        "pk": 232,
        "fields": {
            "name": "Can change order",
            "content_type": 76,
            "codename": "change_order"
        }
    },
    {
        "model": "auth.permission",
        "pk": 233,
        "fields": {
            "name": "Can delete order",
            "content_type": 76,
            "codename": "delete_order"
        }
    },
    {
        "model": "auth.permission",
        "pk": 234,
        "fields": {
            "name": "Can add product",
            "content_type": 77,
            "codename": "add_product"
        }
    },
    {
        "model": "auth.permission",
        "pk": 235,
        "fields": {
            "name": "Can change product",
            "content_type": 77,
            "codename": "change_product"
        }
    },
    {
        "model": "auth.permission",
        "pk": 236,
        "fields": {
            "name": "Can delete product",
            "content_type": 77,
            "codename": "delete_product"
        }
    },
    {
        "model": "auth.permission",
        "pk": 237,
        "fields": {
            "name": "Can add buyer",
            "content_type": 78,
            "codename": "add_buyer"
        }
    },
    {
        "model": "auth.permission",
        "pk": 238,
        "fields": {
            "name": "Can change buyer",
            "content_type": 78,
            "codename": "change_buyer"
        }
    },
    {
        "model": "auth.permission",
        "pk": 239,
        "fields": {
            "name": "Can delete buyer",
            "content_type": 78,
            "codename": "delete_buyer"
        }
    },
    {
        "model": "auth.permission",
        "pk": 240,
        "fields": {
            "name": "Can add form",
            "content_type": 79,
            "codename": "add_form"
        }
    },
    {
        "model": "auth.permission",
        "pk": 241,
        "fields": {
            "name": "Can change form",
            "content_type": 79,
            "codename": "change_form"
        }
    },
    {
        "model": "auth.permission",
        "pk": 242,
        "fields": {
            "name": "Can delete form",
            "content_type": 79,
            "codename": "delete_form"
        }
    },
    {
        "model": "auth.permission",
        "pk": 243,
        "fields": {
            "name": "Can add form",
            "content_type": 80,
            "codename": "add_formdefinition"
        }
    },
    {
        "model": "auth.permission",
        "pk": 244,
        "fields": {
            "name": "Can change form",
            "content_type": 80,
            "codename": "change_formdefinition"
        }
    },
    {
        "model": "auth.permission",
        "pk": 245,
        "fields": {
            "name": "Can delete form",
            "content_type": 80,
            "codename": "delete_formdefinition"
        }
    },
    {
        "model": "auth.permission",
        "pk": 246,
        "fields": {
            "name": "Can add field",
            "content_type": 81,
            "codename": "add_formfield"
        }
    },
    {
        "model": "auth.permission",
        "pk": 247,
        "fields": {
            "name": "Can change field",
            "content_type": 81,
            "codename": "change_formfield"
        }
    },
    {
        "model": "auth.permission",
        "pk": 248,
        "fields": {
            "name": "Can delete field",
            "content_type": 81,
            "codename": "delete_formfield"
        }
    },
    {
        "model": "auth.permission",
        "pk": 249,
        "fields": {
            "name": "Can add form submission",
            "content_type": 82,
            "codename": "add_formsubmission"
        }
    },
    {
        "model": "auth.permission",
        "pk": 250,
        "fields": {
            "name": "Can change form submission",
            "content_type": 82,
            "codename": "change_formsubmission"
        }
    },
    {
        "model": "auth.permission",
        "pk": 251,
        "fields": {
            "name": "Can delete form submission",
            "content_type": 82,
            "codename": "delete_formsubmission"
        }
    },
    {
        "model": "auth.permission",
        "pk": 252,
        "fields": {
            "name": "Can export Form Submission",
            "content_type": 82,
            "codename": "export_formsubmission"
        }
    },
    {
        "model": "auth.permission",
        "pk": 253,
        "fields": {
            "name": "Can add shipping fees",
            "content_type": 83,
            "codename": "add_shippingfees"
        }
    },
    {
        "model": "auth.permission",
        "pk": 254,
        "fields": {
            "name": "Can change shipping fees",
            "content_type": 83,
            "codename": "change_shippingfees"
        }
    },
    {
        "model": "auth.permission",
        "pk": 255,
        "fields": {
            "name": "Can delete shipping fees",
            "content_type": 83,
            "codename": "delete_shippingfees"
        }
    },
    {
        "model": "auth.permission",
        "pk": 256,
        "fields": {
            "name": "Can add mail template",
            "content_type": 84,
            "codename": "add_mailtemplate"
        }
    },
    {
        "model": "auth.permission",
        "pk": 257,
        "fields": {
            "name": "Can change mail template",
            "content_type": 84,
            "codename": "change_mailtemplate"
        }
    },
    {
        "model": "auth.permission",
        "pk": 258,
        "fields": {
            "name": "Can delete mail template",
            "content_type": 84,
            "codename": "delete_mailtemplate"
        }
    },
    {
        "model": "auth.user",
        "pk": 1,
        "fields": {
            "password": "pbkdf2_sha256$36000$UyqDWhv6XWlO$83MfjBz3Q8BdRvQj3P2719QJbJBnkWUU1CrKZRufFTY=",
            "last_login": "2019-01-31T06:46:17Z",
            "is_superuser": true,
            "username": "admin",
            "first_name": "",
            "last_name": "",
            "email": "",
            "is_staff": true,
            "is_active": true,
            "date_joined": "2018-12-28T18:18:42Z",
            "groups": [],
            "user_permissions": []
        }
    },
    {
        "model": "admin.logentry",
        "pk": 1,
        "fields": {
            "action_time": "2018-12-28T18:19:41.913Z",
            "user": 1,
            "content_type": 2,
            "object_id": "1",
            "object_repr": "Shop",
            "action_flag": 2,
            "change_message": "[{\"changed\": {\"fields\": [\"navigation_extenders\", \"application_urls\", \"application_namespace\", \"xframe_options\"]}}]"
        }
    },
    {
        "model": "admin.logentry",
        "pk": 2,
        "fields": {
            "action_time": "2018-12-28T18:20:53.529Z",
            "user": 1,
            "content_type": 77,
            "object_id": "1",
            "object_repr": "Product a",
            "action_flag": 1,
            "change_message": "[{\"added\": {}}]"
        }
    },
    {
        "model": "admin.logentry",
        "pk": 3,
        "fields": {
            "action_time": "2018-12-28T18:21:28.674Z",
            "user": 1,
            "content_type": 77,
            "object_id": "2",
            "object_repr": "Product b",
            "action_flag": 1,
            "change_message": "[{\"added\": {}}]"
        }
    },
    {
        "model": "admin.logentry",
        "pk": 4,
        "fields": {
            "action_time": "2018-12-28T18:22:36.050Z",
            "user": 1,
            "content_type": 76,
            "object_id": "2",
            "object_repr": "amir:18221546021329330231:Under Shipping",
            "action_flag": 2,
            "change_message": "[{\"changed\": {\"fields\": [\"status\"]}}]"
        }
    },
    {
        "model": "admin.logentry",
        "pk": 5,
        "fields": {
            "action_time": "2018-12-28T18:38:36.479Z",
            "user": 1,
            "content_type": 76,
            "object_id": "2",
            "object_repr": "amir:18221546021329330231:Cancelled",
            "action_flag": 2,
            "change_message": "[{\"changed\": {\"fields\": [\"status\"]}}]"
        }
    },
    {
        "model": "admin.logentry",
        "pk": 6,
        "fields": {
            "action_time": "2018-12-28T18:59:53.474Z",
            "user": 1,
            "content_type": 76,
            "object_id": "6",
            "object_repr": "amir:17821546023568713761:Under Shipping",
            "action_flag": 2,
            "change_message": "[{\"changed\": {\"fields\": [\"status\"]}}]"
        }
    },
    {
        "model": "admin.logentry",
        "pk": 7,
        "fields": {
            "action_time": "2018-12-28T19:00:18.756Z",
            "user": 1,
            "content_type": 76,
            "object_id": "6",
            "object_repr": "amir:17821546023568713761:Delivered",
            "action_flag": 2,
            "change_message": "[{\"changed\": {\"fields\": [\"status\"]}}]"
        }
    },
    {
        "model": "admin.logentry",
        "pk": 8,
        "fields": {
            "action_time": "2018-12-28T19:00:39.332Z",
            "user": 1,
            "content_type": 76,
            "object_id": "6",
            "object_repr": "amir:17821546023568713761:Cancelled",
            "action_flag": 2,
            "change_message": "[{\"changed\": {\"fields\": [\"status\"]}}]"
        }
    },
    {
        "model": "admin.logentry",
        "pk": 9,
        "fields": {
            "action_time": "2018-12-28T19:08:46.401Z",
            "user": 1,
            "content_type": 9,
            "object_id": "1",
            "object_repr": "precious-gifts.com",
            "action_flag": 2,
            "change_message": "[{\"changed\": {\"fields\": [\"domain\", \"name\"]}}]"
        }
    },
    {
        "model": "admin.logentry",
        "pk": 10,
        "fields": {
            "action_time": "2018-12-28T19:23:38.546Z",
            "user": 1,
            "content_type": 2,
            "object_id": "1",
            "object_repr": "Shop",
            "action_flag": 2,
            "change_message": ""
        }
    },
    {
        "model": "admin.logentry",
        "pk": 11,
        "fields": {
            "action_time": "2018-12-28T19:58:13.260Z",
            "user": 1,
            "content_type": 2,
            "object_id": "3",
            "object_repr": "Home",
            "action_flag": 2,
            "change_message": ""
        }
    },
    {
        "model": "admin.logentry",
        "pk": 12,
        "fields": {
            "action_time": "2018-12-28T20:07:57.083Z",
            "user": 1,
            "content_type": 73,
            "object_id": "5",
            "object_repr": "5",
            "action_flag": 3,
            "change_message": ""
        }
    },
    {
        "model": "admin.logentry",
        "pk": 13,
        "fields": {
            "action_time": "2018-12-28T20:10:40.432Z",
            "user": 1,
            "content_type": 73,
            "object_id": "8",
            "object_repr": "8",
            "action_flag": 3,
            "change_message": ""
        }
    },
    {
        "model": "admin.logentry",
        "pk": 14,
        "fields": {
            "action_time": "2018-12-28T20:27:42.711Z",
            "user": 1,
            "content_type": 63,
            "object_id": "9",
            "object_repr": "9",
            "action_flag": 3,
            "change_message": ""
        }
    },
    {
        "model": "admin.logentry",
        "pk": 15,
        "fields": {
            "action_time": "2018-12-30T07:37:56.804Z",
            "user": 1,
            "content_type": 22,
            "object_id": "13",
            "object_repr": "Precious Gifts 2018",
            "action_flag": 3,
            "change_message": ""
        }
    },
    {
        "model": "admin.logentry",
        "pk": 16,
        "fields": {
            "action_time": "2018-12-30T07:39:25.796Z",
            "user": 1,
            "content_type": 22,
            "object_id": "15",
            "object_repr": "Copyright Precious Gifts...",
            "action_flag": 3,
            "change_message": ""
        }
    },
    {
        "model": "admin.logentry",
        "pk": 17,
        "fields": {
            "action_time": "2018-12-30T08:15:50.898Z",
            "user": 1,
            "content_type": 2,
            "object_id": "3",
            "object_repr": "Home",
            "action_flag": 2,
            "change_message": ""
        }
    },
    {
        "model": "admin.logentry",
        "pk": 18,
        "fields": {
            "action_time": "2018-12-30T08:16:40.686Z",
            "user": 1,
            "content_type": 2,
            "object_id": "3",
            "object_repr": "Home",
            "action_flag": 2,
            "change_message": ""
        }
    },
    {
        "model": "admin.logentry",
        "pk": 19,
        "fields": {
            "action_time": "2018-12-30T08:17:00.609Z",
            "user": 1,
            "content_type": 2,
            "object_id": "3",
            "object_repr": "Home",
            "action_flag": 2,
            "change_message": ""
        }
    },
    {
        "model": "admin.logentry",
        "pk": 20,
        "fields": {
            "action_time": "2018-12-30T08:18:17.843Z",
            "user": 1,
            "content_type": 2,
            "object_id": "3",
            "object_repr": "Home",
            "action_flag": 2,
            "change_message": ""
        }
    },
    {
        "model": "admin.logentry",
        "pk": 21,
        "fields": {
            "action_time": "2018-12-30T08:19:11.731Z",
            "user": 1,
            "content_type": 2,
            "object_id": "3",
            "object_repr": "Home",
            "action_flag": 2,
            "change_message": ""
        }
    },
    {
        "model": "admin.logentry",
        "pk": 22,
        "fields": {
            "action_time": "2018-12-30T08:34:00.221Z",
            "user": 1,
            "content_type": 2,
            "object_id": "3",
            "object_repr": "Home",
            "action_flag": 2,
            "change_message": ""
        }
    },
    {
        "model": "admin.logentry",
        "pk": 23,
        "fields": {
            "action_time": "2018-12-30T08:36:02.105Z",
            "user": 1,
            "content_type": 2,
            "object_id": "1",
            "object_repr": "Shop",
            "action_flag": 2,
            "change_message": "[{\"changed\": {\"fields\": [\"overwrite_url\", \"xframe_options\"]}}]"
        }
    },
    {
        "model": "admin.logentry",
        "pk": 24,
        "fields": {
            "action_time": "2018-12-30T08:36:06.764Z",
            "user": 1,
            "content_type": 2,
            "object_id": "1",
            "object_repr": "Shop",
            "action_flag": 2,
            "change_message": ""
        }
    },
    {
        "model": "admin.logentry",
        "pk": 25,
        "fields": {
            "action_time": "2018-12-30T08:37:32.634Z",
            "user": 1,
            "content_type": 2,
            "object_id": "1",
            "object_repr": "Shop",
            "action_flag": 2,
            "change_message": "[{\"changed\": {\"fields\": [\"overwrite_url\", \"xframe_options\"]}}]"
        }
    },
    {
        "model": "admin.logentry",
        "pk": 26,
        "fields": {
            "action_time": "2018-12-30T08:37:37.069Z",
            "user": 1,
            "content_type": 2,
            "object_id": "1",
            "object_repr": "Shop",
            "action_flag": 2,
            "change_message": ""
        }
    },
    {
        "model": "admin.logentry",
        "pk": 27,
        "fields": {
            "action_time": "2018-12-30T08:43:03.895Z",
            "user": 1,
            "content_type": 58,
            "object_id": "42",
            "object_repr": "42",
            "action_flag": 3,
            "change_message": ""
        }
    },
    {
        "model": "admin.logentry",
        "pk": 28,
        "fields": {
            "action_time": "2018-12-30T08:51:50.548Z",
            "user": 1,
            "content_type": 61,
            "object_id": "48",
            "object_repr": "48",
            "action_flag": 3,
            "change_message": ""
        }
    },
    {
        "model": "admin.logentry",
        "pk": 29,
        "fields": {
            "action_time": "2018-12-30T08:51:55.495Z",
            "user": 1,
            "content_type": 61,
            "object_id": "49",
            "object_repr": "49",
            "action_flag": 3,
            "change_message": ""
        }
    },
    {
        "model": "admin.logentry",
        "pk": 30,
        "fields": {
            "action_time": "2018-12-30T08:53:22.525Z",
            "user": 1,
            "content_type": 2,
            "object_id": "3",
            "object_repr": "Home",
            "action_flag": 2,
            "change_message": ""
        }
    },
    {
        "model": "admin.logentry",
        "pk": 31,
        "fields": {
            "action_time": "2018-12-30T09:03:35.218Z",
            "user": 1,
            "content_type": 2,
            "object_id": "3",
            "object_repr": "Home",
            "action_flag": 2,
            "change_message": ""
        }
    },
    {
        "model": "admin.logentry",
        "pk": 32,
        "fields": {
            "action_time": "2018-12-30T09:06:40.485Z",
            "user": 1,
            "content_type": 53,
            "object_id": "131",
            "object_repr": "131",
            "action_flag": 3,
            "change_message": ""
        }
    },
    {
        "model": "admin.logentry",
        "pk": 33,
        "fields": {
            "action_time": "2018-12-30T09:08:32.709Z",
            "user": 1,
            "content_type": 68,
            "object_id": "132",
            "object_repr": "132",
            "action_flag": 3,
            "change_message": ""
        }
    },
    {
        "model": "admin.logentry",
        "pk": 34,
        "fields": {
            "action_time": "2018-12-30T09:14:06.752Z",
            "user": 1,
            "content_type": 61,
            "object_id": "130",
            "object_repr": "130",
            "action_flag": 3,
            "change_message": ""
        }
    },
    {
        "model": "admin.logentry",
        "pk": 35,
        "fields": {
            "action_time": "2018-12-30T09:14:20.068Z",
            "user": 1,
            "content_type": 45,
            "object_id": "134",
            "object_repr": "//www.youtube.com/embed/8KvCH6RIm_Y",
            "action_flag": 3,
            "change_message": ""
        }
    },
    {
        "model": "admin.logentry",
        "pk": 36,
        "fields": {
            "action_time": "2018-12-30T09:18:15.473Z",
            "user": 1,
            "content_type": 62,
            "object_id": "135",
            "object_repr": "135",
            "action_flag": 3,
            "change_message": ""
        }
    },
    {
        "model": "admin.logentry",
        "pk": 37,
        "fields": {
            "action_time": "2018-12-30T09:20:10.908Z",
            "user": 1,
            "content_type": 2,
            "object_id": "3",
            "object_repr": "Home",
            "action_flag": 2,
            "change_message": ""
        }
    },
    {
        "model": "admin.logentry",
        "pk": 38,
        "fields": {
            "action_time": "2018-12-30T09:26:33.952Z",
            "user": 1,
            "content_type": 71,
            "object_id": "184",
            "object_repr": "184",
            "action_flag": 3,
            "change_message": ""
        }
    },
    {
        "model": "admin.logentry",
        "pk": 39,
        "fields": {
            "action_time": "2018-12-30T09:27:21.859Z",
            "user": 1,
            "content_type": 49,
            "object_id": "187",
            "object_repr": "187",
            "action_flag": 3,
            "change_message": ""
        }
    },
    {
        "model": "admin.logentry",
        "pk": 40,
        "fields": {
            "action_time": "2018-12-30T09:27:57.218Z",
            "user": 1,
            "content_type": 50,
            "object_id": "189",
            "object_repr": "189",
            "action_flag": 3,
            "change_message": ""
        }
    },
    {
        "model": "admin.logentry",
        "pk": 41,
        "fields": {
            "action_time": "2018-12-30T09:29:05.775Z",
            "user": 1,
            "content_type": 55,
            "object_id": "190",
            "object_repr": "190",
            "action_flag": 3,
            "change_message": ""
        }
    },
    {
        "model": "admin.logentry",
        "pk": 42,
        "fields": {
            "action_time": "2018-12-30T09:30:12.064Z",
            "user": 1,
            "content_type": 2,
            "object_id": "3",
            "object_repr": "Home",
            "action_flag": 2,
            "change_message": ""
        }
    },
    {
        "model": "admin.logentry",
        "pk": 43,
        "fields": {
            "action_time": "2018-12-30T10:11:45.320Z",
            "user": 1,
            "content_type": 48,
            "object_id": "234",
            "object_repr": "234",
            "action_flag": 3,
            "change_message": ""
        }
    },
    {
        "model": "admin.logentry",
        "pk": 44,
        "fields": {
            "action_time": "2018-12-30T10:14:06.529Z",
            "user": 1,
            "content_type": 40,
            "object_id": "1",
            "object_repr": "fast icon",
            "action_flag": 1,
            "change_message": "[{\"added\": {}}]"
        }
    },
    {
        "model": "admin.logentry",
        "pk": 45,
        "fields": {
            "action_time": "2018-12-30T10:18:37.121Z",
            "user": 1,
            "content_type": 39,
            "object_id": "237",
            "object_repr": "div",
            "action_flag": 3,
            "change_message": ""
        }
    },
    {
        "model": "admin.logentry",
        "pk": 46,
        "fields": {
            "action_time": "2018-12-30T10:19:23.009Z",
            "user": 1,
            "content_type": 40,
            "object_id": "1",
            "object_repr": "fast icon",
            "action_flag": 2,
            "change_message": "[{\"changed\": {\"fields\": [\"html\"]}}]"
        }
    },
    {
        "model": "admin.logentry",
        "pk": 47,
        "fields": {
            "action_time": "2018-12-30T10:20:05.500Z",
            "user": 1,
            "content_type": 40,
            "object_id": "1",
            "object_repr": "fast icon",
            "action_flag": 2,
            "change_message": "[{\"changed\": {\"fields\": [\"html\"]}}]"
        }
    },
    {
        "model": "admin.logentry",
        "pk": 48,
        "fields": {
            "action_time": "2018-12-30T10:21:28.994Z",
            "user": 1,
            "content_type": 40,
            "object_id": "1",
            "object_repr": "fast icon",
            "action_flag": 2,
            "change_message": "[{\"changed\": {\"fields\": [\"html\"]}}]"
        }
    },
    {
        "model": "admin.logentry",
        "pk": 49,
        "fields": {
            "action_time": "2018-12-30T10:27:59.022Z",
            "user": 1,
            "content_type": 63,
            "object_id": "129",
            "object_repr": "129",
            "action_flag": 3,
            "change_message": ""
        }
    },
    {
        "model": "admin.logentry",
        "pk": 50,
        "fields": {
            "action_time": "2018-12-30T10:31:18.192Z",
            "user": 1,
            "content_type": 33,
            "object_id": "232",
            "object_repr": "33%",
            "action_flag": 3,
            "change_message": ""
        }
    },
    {
        "model": "admin.logentry",
        "pk": 51,
        "fields": {
            "action_time": "2018-12-30T10:31:24.035Z",
            "user": 1,
            "content_type": 33,
            "object_id": "233",
            "object_repr": "33%",
            "action_flag": 3,
            "change_message": ""
        }
    },
    {
        "model": "admin.logentry",
        "pk": 52,
        "fields": {
            "action_time": "2018-12-30T10:35:29.987Z",
            "user": 1,
            "content_type": 40,
            "object_id": "2",
            "object_repr": "thumbs-up",
            "action_flag": 1,
            "change_message": "[{\"added\": {}}]"
        }
    },
    {
        "model": "admin.logentry",
        "pk": 53,
        "fields": {
            "action_time": "2018-12-30T10:36:49.412Z",
            "user": 1,
            "content_type": 40,
            "object_id": "3",
            "object_repr": "money",
            "action_flag": 1,
            "change_message": "[{\"added\": {}}]"
        }
    },
    {
        "model": "admin.logentry",
        "pk": 54,
        "fields": {
            "action_time": "2018-12-30T12:50:02.676Z",
            "user": 1,
            "content_type": 2,
            "object_id": "1",
            "object_repr": "Shop",
            "action_flag": 2,
            "change_message": ""
        }
    },
    {
        "model": "admin.logentry",
        "pk": 55,
        "fields": {
            "action_time": "2018-12-30T13:13:58.291Z",
            "user": 1,
            "content_type": 76,
            "object_id": "9",
            "object_repr": "amir:17251546174347914084:Under Shipping",
            "action_flag": 2,
            "change_message": "[{\"changed\": {\"fields\": [\"status\"]}}]"
        }
    },
    {
        "model": "admin.logentry",
        "pk": 56,
        "fields": {
            "action_time": "2018-12-30T13:14:20.797Z",
            "user": 1,
            "content_type": 76,
            "object_id": "9",
            "object_repr": "amir:17251546174347914084:Delivered",
            "action_flag": 2,
            "change_message": "[{\"changed\": {\"fields\": [\"status\"]}}]"
        }
    },
    {
        "model": "admin.logentry",
        "pk": 57,
        "fields": {
            "action_time": "2019-01-04T19:22:47.984Z",
            "user": 1,
            "content_type": 5,
            "object_id": "5",
            "object_repr": "amir2",
            "action_flag": 3,
            "change_message": ""
        }
    },
    {
        "model": "admin.logentry",
        "pk": 58,
        "fields": {
            "action_time": "2019-01-04T19:22:48.058Z",
            "user": 1,
            "content_type": 5,
            "object_id": "7",
            "object_repr": "Mero1",
            "action_flag": 3,
            "change_message": ""
        }
    },
    {
        "model": "admin.logentry",
        "pk": 59,
        "fields": {
            "action_time": "2019-01-04T19:22:48.075Z",
            "user": 1,
            "content_type": 5,
            "object_id": "8",
            "object_repr": "mero2",
            "action_flag": 3,
            "change_message": ""
        }
    },
    {
        "model": "admin.logentry",
        "pk": 60,
        "fields": {
            "action_time": "2019-01-04T19:22:48.092Z",
            "user": 1,
            "content_type": 5,
            "object_id": "2",
            "object_repr": "sherry",
            "action_flag": 3,
            "change_message": ""
        }
    },
    {
        "model": "admin.logentry",
        "pk": 61,
        "fields": {
            "action_time": "2019-01-04T19:22:48.109Z",
            "user": 1,
            "content_type": 5,
            "object_id": "3",
            "object_repr": "sherry1",
            "action_flag": 3,
            "change_message": ""
        }
    },
    {
        "model": "admin.logentry",
        "pk": 62,
        "fields": {
            "action_time": "2019-01-04T19:22:48.126Z",
            "user": 1,
            "content_type": 5,
            "object_id": "6",
            "object_repr": "sherry5",
            "action_flag": 3,
            "change_message": ""
        }
    },
    {
        "model": "admin.logentry",
        "pk": 63,
        "fields": {
            "action_time": "2019-01-04T19:22:48.143Z",
            "user": 1,
            "content_type": 5,
            "object_id": "4",
            "object_repr": "sherryd",
            "action_flag": 3,
            "change_message": ""
        }
    },
    {
        "model": "admin.logentry",
        "pk": 64,
        "fields": {
            "action_time": "2019-01-04T20:06:10.519Z",
            "user": 1,
            "content_type": 2,
            "object_id": "5",
            "object_repr": "Contact Us",
            "action_flag": 1,
            "change_message": "[{\"added\": {}}]"
        }
    },
    {
        "model": "admin.logentry",
        "pk": 65,
        "fields": {
            "action_time": "2019-01-04T20:06:17.962Z",
            "user": 1,
            "content_type": 2,
            "object_id": "3",
            "object_repr": "Home",
            "action_flag": 2,
            "change_message": ""
        }
    },
    {
        "model": "admin.logentry",
        "pk": 66,
        "fields": {
            "action_time": "2019-01-04T20:06:50.805Z",
            "user": 1,
            "content_type": 2,
            "object_id": "5",
            "object_repr": "Contact Us",
            "action_flag": 2,
            "change_message": "[{\"changed\": {\"fields\": [\"application_urls\", \"xframe_options\"]}}]"
        }
    },
    {
        "model": "admin.logentry",
        "pk": 67,
        "fields": {
            "action_time": "2019-01-04T20:07:21.516Z",
            "user": 1,
            "content_type": 2,
            "object_id": "5",
            "object_repr": "Contact Us",
            "action_flag": 2,
            "change_message": ""
        }
    },
    {
        "model": "admin.logentry",
        "pk": 68,
        "fields": {
            "action_time": "2019-01-04T20:18:48.716Z",
            "user": 1,
            "content_type": 63,
            "object_id": "301",
            "object_repr": "301",
            "action_flag": 3,
            "change_message": ""
        }
    },
    {
        "model": "admin.logentry",
        "pk": 69,
        "fields": {
            "action_time": "2019-01-04T20:18:59.290Z",
            "user": 1,
            "content_type": 2,
            "object_id": "5",
            "object_repr": "Contact Us",
            "action_flag": 2,
            "change_message": ""
        }
    },
    {
        "model": "admin.logentry",
        "pk": 70,
        "fields": {
            "action_time": "2019-01-04T20:31:11.862Z",
            "user": 1,
            "content_type": 2,
            "object_id": "5",
            "object_repr": "Contact Us",
            "action_flag": 2,
            "change_message": ""
        }
    },
    {
        "model": "admin.logentry",
        "pk": 71,
        "fields": {
            "action_time": "2019-01-04T20:54:23.415Z",
            "user": 1,
            "content_type": 2,
            "object_id": "5",
            "object_repr": "Contact Us",
            "action_flag": 2,
            "change_message": ""
        }
    },
    {
        "model": "admin.logentry",
        "pk": 72,
        "fields": {
            "action_time": "2019-01-05T14:18:17.713Z",
            "user": 1,
            "content_type": 2,
            "object_id": "7",
            "object_repr": "test",
            "action_flag": 3,
            "change_message": ""
        }
    },
    {
        "model": "admin.logentry",
        "pk": 73,
        "fields": {
            "action_time": "2019-01-05T17:19:55.997Z",
            "user": 1,
            "content_type": 76,
            "object_id": "11",
            "object_repr": "new:96401546629702781546:Under Shipping",
            "action_flag": 2,
            "change_message": "[{\"changed\": {\"fields\": [\"status\"]}}]"
        }
    },
    {
        "model": "admin.logentry",
        "pk": 74,
        "fields": {
            "action_time": "2019-01-05T17:20:52.082Z",
            "user": 1,
            "content_type": 76,
            "object_id": "11",
            "object_repr": "new:96401546629702781546:Delivered",
            "action_flag": 2,
            "change_message": "[{\"changed\": {\"fields\": [\"status\"]}}]"
        }
    },
    {
        "model": "admin.logentry",
        "pk": 75,
        "fields": {
            "action_time": "2019-01-05T17:21:20.758Z",
            "user": 1,
            "content_type": 76,
            "object_id": "11",
            "object_repr": "new:96401546629702781546:Under Preparation",
            "action_flag": 2,
            "change_message": "[{\"changed\": {\"fields\": [\"status\"]}}]"
        }
    },
    {
        "model": "admin.logentry",
        "pk": 76,
        "fields": {
            "action_time": "2019-01-05T17:21:41.149Z",
            "user": 1,
            "content_type": 76,
            "object_id": "11",
            "object_repr": "new:96401546629702781546:Cancelled",
            "action_flag": 2,
            "change_message": "[{\"changed\": {\"fields\": [\"status\"]}}]"
        }
    },
    {
        "model": "admin.logentry",
        "pk": 77,
        "fields": {
            "action_time": "2019-01-05T17:31:30.393Z",
            "user": 1,
            "content_type": 76,
            "object_id": "14",
            "object_repr": "new:94791546699366961838:Under Preparation",
            "action_flag": 2,
            "change_message": "[{\"changed\": {\"fields\": [\"status\"]}}]"
        }
    },
    {
        "model": "admin.logentry",
        "pk": 78,
        "fields": {
            "action_time": "2019-01-05T17:31:37.098Z",
            "user": 1,
            "content_type": 76,
            "object_id": "13",
            "object_repr": "new:9246154669838514405:Under Preparation",
            "action_flag": 2,
            "change_message": "[{\"changed\": {\"fields\": [\"status\"]}}]"
        }
    },
    {
        "model": "admin.logentry",
        "pk": 79,
        "fields": {
            "action_time": "2019-01-05T17:31:43.689Z",
            "user": 1,
            "content_type": 76,
            "object_id": "11",
            "object_repr": "new:96401546629702781546:Under Preparation",
            "action_flag": 2,
            "change_message": "[{\"changed\": {\"fields\": [\"status\"]}}]"
        }
    },
    {
        "model": "admin.logentry",
        "pk": 80,
        "fields": {
            "action_time": "2019-01-05T17:32:25.587Z",
            "user": 1,
            "content_type": 76,
            "object_id": "13",
            "object_repr": "new:9246154669838514405:Under Shipping",
            "action_flag": 2,
            "change_message": "[{\"changed\": {\"fields\": [\"status\"]}}]"
        }
    },
    {
        "model": "admin.logentry",
        "pk": 81,
        "fields": {
            "action_time": "2019-01-05T17:32:30.749Z",
            "user": 1,
            "content_type": 76,
            "object_id": "12",
            "object_repr": "sherry:108591546630902288148:Delivered",
            "action_flag": 2,
            "change_message": "[{\"changed\": {\"fields\": [\"status\"]}}]"
        }
    },
    {
        "model": "admin.logentry",
        "pk": 82,
        "fields": {
            "action_time": "2019-01-05T17:32:39.835Z",
            "user": 1,
            "content_type": 76,
            "object_id": "11",
            "object_repr": "new:96401546629702781546:Delivered",
            "action_flag": 2,
            "change_message": "[{\"changed\": {\"fields\": [\"status\"]}}]"
        }
    },
    {
        "model": "admin.logentry",
        "pk": 83,
        "fields": {
            "action_time": "2019-01-05T17:33:36.591Z",
            "user": 1,
            "content_type": 76,
            "object_id": "13",
            "object_repr": "new:9246154669838514405:Under Preparation",
            "action_flag": 2,
            "change_message": "[{\"changed\": {\"fields\": [\"status\"]}}]"
        }
    },
    {
        "model": "admin.logentry",
        "pk": 84,
        "fields": {
            "action_time": "2019-01-05T17:57:15.886Z",
            "user": 1,
            "content_type": 83,
            "object_id": "1",
            "object_repr": "Shiping Fees:12.0",
            "action_flag": 1,
            "change_message": "[{\"added\": {}}]"
        }
    },
    {
        "model": "admin.logentry",
        "pk": 85,
        "fields": {
            "action_time": "2019-01-05T18:10:09.011Z",
            "user": 1,
            "content_type": 83,
            "object_id": "1",
            "object_repr": "Shiping Fees:44.0",
            "action_flag": 2,
            "change_message": "[{\"changed\": {\"fields\": [\"amount\"]}}]"
        }
    },
    {
        "model": "admin.logentry",
        "pk": 86,
        "fields": {
            "action_time": "2019-01-05T18:10:14.989Z",
            "user": 1,
            "content_type": 83,
            "object_id": "1",
            "object_repr": "Shiping Fees:55.0",
            "action_flag": 2,
            "change_message": "[{\"changed\": {\"fields\": [\"amount\"]}}]"
        }
    },
    {
        "model": "admin.logentry",
        "pk": 87,
        "fields": {
            "action_time": "2019-01-05T18:17:09.292Z",
            "user": 1,
            "content_type": 83,
            "object_id": "1",
            "object_repr": "Shiping Fees:12.0",
            "action_flag": 1,
            "change_message": "[{\"added\": {}}]"
        }
    },
    {
        "model": "admin.logentry",
        "pk": 88,
        "fields": {
            "action_time": "2019-01-05T18:17:28.778Z",
            "user": 1,
            "content_type": 83,
            "object_id": "1",
            "object_repr": "Shiping Fees:33.0",
            "action_flag": 2,
            "change_message": "[{\"changed\": {\"fields\": [\"amount\"]}}]"
        }
    },
    {
        "model": "admin.logentry",
        "pk": 89,
        "fields": {
            "action_time": "2019-01-05T18:18:55.322Z",
            "user": 1,
            "content_type": 83,
            "object_id": "1",
            "object_repr": "Shiping Fees:11.0",
            "action_flag": 2,
            "change_message": "[{\"changed\": {\"fields\": [\"amount\"]}}]"
        }
    },
    {
        "model": "admin.logentry",
        "pk": 90,
        "fields": {
            "action_time": "2019-01-05T18:19:29.116Z",
            "user": 1,
            "content_type": 83,
            "object_id": "1",
            "object_repr": "Shiping Fees:44.0",
            "action_flag": 2,
            "change_message": "[{\"changed\": {\"fields\": [\"amount\"]}}]"
        }
    },
    {
        "model": "admin.logentry",
        "pk": 91,
        "fields": {
            "action_time": "2019-01-05T18:19:51.300Z",
            "user": 1,
            "content_type": 83,
            "object_id": "1",
            "object_repr": "Shiping Fees:44.0",
            "action_flag": 3,
            "change_message": ""
        }
    },
    {
        "model": "admin.logentry",
        "pk": 92,
        "fields": {
            "action_time": "2019-01-05T18:19:55.537Z",
            "user": 1,
            "content_type": 83,
            "object_id": "2",
            "object_repr": "Shiping Fees:333.0",
            "action_flag": 1,
            "change_message": "[{\"added\": {}}]"
        }
    },
    {
        "model": "admin.logentry",
        "pk": 93,
        "fields": {
            "action_time": "2019-01-05T18:20:06.417Z",
            "user": 1,
            "content_type": 83,
            "object_id": "2",
            "object_repr": "Shiping Fees:22.0",
            "action_flag": 2,
            "change_message": "[{\"changed\": {\"fields\": [\"amount\"]}}]"
        }
    },
    {
        "model": "admin.logentry",
        "pk": 94,
        "fields": {
            "action_time": "2019-01-05T18:52:45.444Z",
            "user": 1,
            "content_type": 83,
            "object_id": "2",
            "object_repr": "Shiping Fees:2.0",
            "action_flag": 2,
            "change_message": "[{\"changed\": {\"fields\": [\"amount\"]}}]"
        }
    },
    {
        "model": "admin.logentry",
        "pk": 95,
        "fields": {
            "action_time": "2019-01-05T18:53:07.566Z",
            "user": 1,
            "content_type": 83,
            "object_id": "2",
            "object_repr": "Shiping Fees:2.0",
            "action_flag": 3,
            "change_message": ""
        }
    },
    {
        "model": "admin.logentry",
        "pk": 96,
        "fields": {
            "action_time": "2019-01-05T18:53:46.384Z",
            "user": 1,
            "content_type": 83,
            "object_id": "3",
            "object_repr": "Shiping Fees:35.0",
            "action_flag": 1,
            "change_message": "[{\"added\": {}}]"
        }
    },
    {
        "model": "admin.logentry",
        "pk": 97,
        "fields": {
            "action_time": "2019-01-12T18:12:54.410Z",
            "user": 1,
            "content_type": 77,
            "object_id": "3",
            "object_repr": "Baskoot ghaleban",
            "action_flag": 1,
            "change_message": "[{\"added\": {}}]"
        }
    },
    {
        "model": "admin.logentry",
        "pk": 98,
        "fields": {
            "action_time": "2019-01-12T18:13:41.807Z",
            "user": 1,
            "content_type": 77,
            "object_id": "4",
            "object_repr": "loreal cream for men",
            "action_flag": 1,
            "change_message": "[{\"added\": {}}]"
        }
    },
    {
        "model": "admin.logentry",
        "pk": 99,
        "fields": {
            "action_time": "2019-01-12T18:14:25.599Z",
            "user": 1,
            "content_type": 77,
            "object_id": "5",
            "object_repr": "7aga keda",
            "action_flag": 1,
            "change_message": "[{\"added\": {}}]"
        }
    },
    {
        "model": "admin.logentry",
        "pk": 100,
        "fields": {
            "action_time": "2019-01-12T18:15:05.443Z",
            "user": 1,
            "content_type": 77,
            "object_id": "6",
            "object_repr": "Beauty products for her",
            "action_flag": 1,
            "change_message": "[{\"added\": {}}]"
        }
    },
    {
        "model": "admin.logentry",
        "pk": 101,
        "fields": {
            "action_time": "2019-01-12T18:15:49.082Z",
            "user": 1,
            "content_type": 77,
            "object_id": "7",
            "object_repr": "shoes for baby",
            "action_flag": 1,
            "change_message": "[{\"added\": {}}]"
        }
    },
    {
        "model": "admin.logentry",
        "pk": 102,
        "fields": {
            "action_time": "2019-01-12T18:16:39.288Z",
            "user": 1,
            "content_type": 77,
            "object_id": "8",
            "object_repr": "bag tamam",
            "action_flag": 1,
            "change_message": "[{\"added\": {}}]"
        }
    },
    {
        "model": "admin.logentry",
        "pk": 103,
        "fields": {
            "action_time": "2019-01-12T18:17:21.618Z",
            "user": 1,
            "content_type": 77,
            "object_id": "9",
            "object_repr": "el mouse el gameel",
            "action_flag": 1,
            "change_message": "[{\"added\": {}}]"
        }
    },
    {
        "model": "admin.logentry",
        "pk": 104,
        "fields": {
            "action_time": "2019-01-12T18:18:14.324Z",
            "user": 1,
            "content_type": 77,
            "object_id": "10",
            "object_repr": "tasa",
            "action_flag": 1,
            "change_message": "[{\"added\": {}}]"
        }
    },
    {
        "model": "admin.logentry",
        "pk": 105,
        "fields": {
            "action_time": "2019-01-12T18:20:39.169Z",
            "user": 1,
            "content_type": 77,
            "object_id": "11",
            "object_repr": "loreal tany bas elghaly",
            "action_flag": 1,
            "change_message": "[{\"added\": {}}]"
        }
    },
    {
        "model": "admin.logentry",
        "pk": 106,
        "fields": {
            "action_time": "2019-01-12T18:21:16.043Z",
            "user": 1,
            "content_type": 77,
            "object_id": "12",
            "object_repr": "Still have no idea",
            "action_flag": 1,
            "change_message": "[{\"added\": {}}]"
        }
    },
    {
        "model": "admin.logentry",
        "pk": 107,
        "fields": {
            "action_time": "2019-01-12T18:21:42.089Z",
            "user": 1,
            "content_type": 77,
            "object_id": "13",
            "object_repr": "batboot",
            "action_flag": 1,
            "change_message": "[{\"added\": {}}]"
        }
    },
    {
        "model": "admin.logentry",
        "pk": 108,
        "fields": {
            "action_time": "2019-01-12T18:22:10.454Z",
            "user": 1,
            "content_type": 77,
            "object_id": "14",
            "object_repr": "Beauty products for them",
            "action_flag": 1,
            "change_message": "[{\"added\": {}}]"
        }
    },
    {
        "model": "admin.logentry",
        "pk": 109,
        "fields": {
            "action_time": "2019-01-12T18:22:47.452Z",
            "user": 1,
            "content_type": 77,
            "object_id": "15",
            "object_repr": "farsha",
            "action_flag": 1,
            "change_message": "[{\"added\": {}}]"
        }
    },
    {
        "model": "admin.logentry",
        "pk": 110,
        "fields": {
            "action_time": "2019-01-12T18:23:23.371Z",
            "user": 1,
            "content_type": 77,
            "object_id": "16",
            "object_repr": "Something",
            "action_flag": 1,
            "change_message": "[{\"added\": {}}]"
        }
    },
    {
        "model": "admin.logentry",
        "pk": 111,
        "fields": {
            "action_time": "2019-01-12T18:24:01.758Z",
            "user": 1,
            "content_type": 77,
            "object_id": "17",
            "object_repr": "ghasala bayen!",
            "action_flag": 1,
            "change_message": "[{\"added\": {}}]"
        }
    },
    {
        "model": "admin.logentry",
        "pk": 112,
        "fields": {
            "action_time": "2019-01-12T18:24:41.531Z",
            "user": 1,
            "content_type": 77,
            "object_id": "18",
            "object_repr": "bag tamam awey",
            "action_flag": 1,
            "change_message": "[{\"added\": {}}]"
        }
    },
    {
        "model": "admin.logentry",
        "pk": 113,
        "fields": {
            "action_time": "2019-01-12T18:25:11.669Z",
            "user": 1,
            "content_type": 77,
            "object_id": "19",
            "object_repr": "baskoot ba2a",
            "action_flag": 1,
            "change_message": "[{\"added\": {}}]"
        }
    },
    {
        "model": "admin.logentry",
        "pk": 114,
        "fields": {
            "action_time": "2019-01-13T11:48:35.912Z",
            "user": 1,
            "content_type": 77,
            "object_id": "16",
            "object_repr": "Something",
            "action_flag": 2,
            "change_message": "[{\"changed\": {\"fields\": [\"description\"]}}]"
        }
    },
    {
        "model": "admin.logentry",
        "pk": 115,
        "fields": {
            "action_time": "2019-01-13T12:29:09.506Z",
            "user": 1,
            "content_type": 76,
            "object_id": "20",
            "object_repr": "new:94551547380389590003:Cancelled",
            "action_flag": 3,
            "change_message": ""
        }
    },
    {
        "model": "admin.logentry",
        "pk": 116,
        "fields": {
            "action_time": "2019-01-13T12:29:09.569Z",
            "user": 1,
            "content_type": 76,
            "object_id": "19",
            "object_repr": "new:97111547380329623835:Cancelled",
            "action_flag": 3,
            "change_message": ""
        }
    },
    {
        "model": "admin.logentry",
        "pk": 117,
        "fields": {
            "action_time": "2019-01-13T12:29:09.586Z",
            "user": 1,
            "content_type": 76,
            "object_id": "18",
            "object_repr": "new:96771547316429995293:Cancelled",
            "action_flag": 3,
            "change_message": ""
        }
    },
    {
        "model": "admin.logentry",
        "pk": 118,
        "fields": {
            "action_time": "2019-01-13T12:29:09.603Z",
            "user": 1,
            "content_type": 76,
            "object_id": "17",
            "object_repr": "new:9498154671441455867:Cancelled",
            "action_flag": 3,
            "change_message": ""
        }
    },
    {
        "model": "admin.logentry",
        "pk": 119,
        "fields": {
            "action_time": "2019-01-13T12:29:09.621Z",
            "user": 1,
            "content_type": 76,
            "object_id": "16",
            "object_repr": "new:99201546714236717081:Cancelled",
            "action_flag": 3,
            "change_message": ""
        }
    },
    {
        "model": "admin.logentry",
        "pk": 120,
        "fields": {
            "action_time": "2019-01-13T12:29:09.637Z",
            "user": 1,
            "content_type": 76,
            "object_id": "15",
            "object_repr": "new:94251546714187441489:Under Preparation",
            "action_flag": 3,
            "change_message": ""
        }
    },
    {
        "model": "admin.logentry",
        "pk": 121,
        "fields": {
            "action_time": "2019-01-13T12:29:09.654Z",
            "user": 1,
            "content_type": 76,
            "object_id": "14",
            "object_repr": "new:94791546699366961838:Cancelled",
            "action_flag": 3,
            "change_message": ""
        }
    },
    {
        "model": "admin.logentry",
        "pk": 122,
        "fields": {
            "action_time": "2019-01-13T12:29:09.671Z",
            "user": 1,
            "content_type": 76,
            "object_id": "13",
            "object_repr": "new:9246154669838514405:Cancelled",
            "action_flag": 3,
            "change_message": ""
        }
    },
    {
        "model": "admin.logentry",
        "pk": 123,
        "fields": {
            "action_time": "2019-01-13T12:29:09.689Z",
            "user": 1,
            "content_type": 76,
            "object_id": "12",
            "object_repr": "sherry:108591546630902288148:Delivered",
            "action_flag": 3,
            "change_message": ""
        }
    },
    {
        "model": "admin.logentry",
        "pk": 124,
        "fields": {
            "action_time": "2019-01-13T12:29:09.705Z",
            "user": 1,
            "content_type": 76,
            "object_id": "11",
            "object_repr": "new:96401546629702781546:Delivered",
            "action_flag": 3,
            "change_message": ""
        }
    },
    {
        "model": "admin.logentry",
        "pk": 125,
        "fields": {
            "action_time": "2019-01-13T12:29:09.723Z",
            "user": 1,
            "content_type": 76,
            "object_id": "10",
            "object_repr": "amir:15551546503265799405:Under Preparation",
            "action_flag": 3,
            "change_message": ""
        }
    },
    {
        "model": "admin.logentry",
        "pk": 126,
        "fields": {
            "action_time": "2019-01-13T12:29:09.739Z",
            "user": 1,
            "content_type": 76,
            "object_id": "9",
            "object_repr": "amir:17251546174347914084:Delivered",
            "action_flag": 3,
            "change_message": ""
        }
    },
    {
        "model": "admin.logentry",
        "pk": 127,
        "fields": {
            "action_time": "2019-01-13T12:29:09.756Z",
            "user": 1,
            "content_type": 76,
            "object_id": "8",
            "object_repr": "amir:12241546157377488309:Cancelled",
            "action_flag": 3,
            "change_message": ""
        }
    },
    {
        "model": "admin.logentry",
        "pk": 128,
        "fields": {
            "action_time": "2019-01-13T12:29:09.772Z",
            "user": 1,
            "content_type": 76,
            "object_id": "7",
            "object_repr": "amir:14041546023694088337:Cancelled",
            "action_flag": 3,
            "change_message": ""
        }
    },
    {
        "model": "admin.logentry",
        "pk": 129,
        "fields": {
            "action_time": "2019-01-13T12:29:09.790Z",
            "user": 1,
            "content_type": 76,
            "object_id": "6",
            "object_repr": "amir:17821546023568713761:Cancelled",
            "action_flag": 3,
            "change_message": ""
        }
    },
    {
        "model": "admin.logentry",
        "pk": 130,
        "fields": {
            "action_time": "2019-01-13T12:29:09.807Z",
            "user": 1,
            "content_type": 76,
            "object_id": "5",
            "object_repr": "amir:11731546022642834716:Cancelled",
            "action_flag": 3,
            "change_message": ""
        }
    },
    {
        "model": "admin.logentry",
        "pk": 131,
        "fields": {
            "action_time": "2019-01-13T12:29:09.824Z",
            "user": 1,
            "content_type": 76,
            "object_id": "4",
            "object_repr": "amir:13971546022478312894:Cancelled",
            "action_flag": 3,
            "change_message": ""
        }
    },
    {
        "model": "admin.logentry",
        "pk": 132,
        "fields": {
            "action_time": "2019-01-13T12:29:09.841Z",
            "user": 1,
            "content_type": 76,
            "object_id": "3",
            "object_repr": "amir:14541546022382716038:Cancelled",
            "action_flag": 3,
            "change_message": ""
        }
    },
    {
        "model": "admin.logentry",
        "pk": 133,
        "fields": {
            "action_time": "2019-01-13T12:29:09.858Z",
            "user": 1,
            "content_type": 76,
            "object_id": "2",
            "object_repr": "amir:18221546021329330231:Cancelled",
            "action_flag": 3,
            "change_message": ""
        }
    },
    {
        "model": "admin.logentry",
        "pk": 134,
        "fields": {
            "action_time": "2019-01-13T12:29:09.875Z",
            "user": 1,
            "content_type": 76,
            "object_id": "1",
            "object_repr": "amir:1662154602130196601:Cancelled",
            "action_flag": 3,
            "change_message": ""
        }
    },
    {
        "model": "admin.logentry",
        "pk": 135,
        "fields": {
            "action_time": "2019-01-22T12:53:46.326Z",
            "user": 1,
            "content_type": 84,
            "object_id": "1",
            "object_repr": "new_order",
            "action_flag": 1,
            "change_message": "[{\"added\": {}}]"
        }
    },
    {
        "model": "admin.logentry",
        "pk": 136,
        "fields": {
            "action_time": "2019-01-22T13:46:11.816Z",
            "user": 1,
            "content_type": 84,
            "object_id": "1",
            "object_repr": "new_order",
            "action_flag": 2,
            "change_message": "[]"
        }
    },
    {
        "model": "admin.logentry",
        "pk": 141,
        "fields": {
            "action_time": "2019-01-22T14:04:39.624Z",
            "user": 1,
            "content_type": 84,
            "object_id": "2",
            "object_repr": "",
            "action_flag": 1,
            "change_message": "[{\"added\": {}}]"
        }
    },
    {
        "model": "admin.logentry",
        "pk": 142,
        "fields": {
            "action_time": "2019-01-22T14:16:50.161Z",
            "user": 1,
            "content_type": 84,
            "object_id": "1",
            "object_repr": "new_order",
            "action_flag": 2,
            "change_message": "[{\"changed\": {\"fields\": [\"mail_body\"]}}]"
        }
    },
    {
        "model": "admin.logentry",
        "pk": 143,
        "fields": {
            "action_time": "2019-01-22T14:17:08.032Z",
            "user": 1,
            "content_type": 84,
            "object_id": "1",
            "object_repr": "new_order_user",
            "action_flag": 2,
            "change_message": "[{\"changed\": {\"fields\": [\"template_name\", \"mail_subject\", \"mail_body\"]}}]"
        }
    },
    {
        "model": "admin.logentry",
        "pk": 144,
        "fields": {
            "action_time": "2019-01-22T14:19:07.222Z",
            "user": 1,
            "content_type": 84,
            "object_id": "3",
            "object_repr": "new_order_admin",
            "action_flag": 1,
            "change_message": "[{\"added\": {}}]"
        }
    },
    {
        "model": "admin.logentry",
        "pk": 145,
        "fields": {
            "action_time": "2019-01-22T14:26:07.544Z",
            "user": 1,
            "content_type": 84,
            "object_id": "4",
            "object_repr": "cancel_order_user",
            "action_flag": 1,
            "change_message": "[{\"added\": {}}]"
        }
    },
    {
        "model": "admin.logentry",
        "pk": 146,
        "fields": {
            "action_time": "2019-01-22T14:28:03.737Z",
            "user": 1,
            "content_type": 84,
            "object_id": "5",
            "object_repr": "cancel_order_admin",
            "action_flag": 1,
            "change_message": "[{\"added\": {}}]"
        }
    },
    {
        "model": "admin.logentry",
        "pk": 147,
        "fields": {
            "action_time": "2019-01-22T14:29:00.148Z",
            "user": 1,
            "content_type": 84,
            "object_id": "2",
            "object_repr": "",
            "action_flag": 3,
            "change_message": ""
        }
    },
    {
        "model": "admin.logentry",
        "pk": 148,
        "fields": {
            "action_time": "2019-01-22T14:30:07.658Z",
            "user": 1,
            "content_type": 84,
            "object_id": "5",
            "object_repr": "cancel_order_admin",
            "action_flag": 2,
            "change_message": "[{\"changed\": {\"fields\": [\"mail_body\"]}}]"
        }
    },
    {
        "model": "admin.logentry",
        "pk": 149,
        "fields": {
            "action_time": "2019-01-22T14:30:18.876Z",
            "user": 1,
            "content_type": 84,
            "object_id": "3",
            "object_repr": "new_order_admin",
            "action_flag": 2,
            "change_message": "[{\"changed\": {\"fields\": [\"mail_body\"]}}]"
        }
    },
    {
        "model": "admin.logentry",
        "pk": 150,
        "fields": {
            "action_time": "2019-01-22T14:48:36.648Z",
            "user": 1,
            "content_type": 5,
            "object_id": "9",
            "object_repr": "new",
            "action_flag": 2,
            "change_message": "[{\"changed\": {\"fields\": [\"email\"]}}]"
        }
    },
    {
        "model": "admin.logentry",
        "pk": 151,
        "fields": {
            "action_time": "2019-01-22T14:48:56.691Z",
            "user": 1,
            "content_type": 5,
            "object_id": "9",
            "object_repr": "new",
            "action_flag": 2,
            "change_message": "[{\"changed\": {\"fields\": [\"email\"]}}]"
        }
    },
    {
        "model": "admin.logentry",
        "pk": 152,
        "fields": {
            "action_time": "2019-01-22T14:55:18.496Z",
            "user": 1,
            "content_type": 84,
            "object_id": "3",
            "object_repr": "new_order_admin",
            "action_flag": 2,
            "change_message": "[{\"changed\": {\"fields\": [\"mail_body\"]}}]"
        }
    },
    {
        "model": "admin.logentry",
        "pk": 153,
        "fields": {
            "action_time": "2019-01-22T14:55:40.933Z",
            "user": 1,
            "content_type": 84,
            "object_id": "1",
            "object_repr": "new_order_user",
            "action_flag": 2,
            "change_message": "[{\"changed\": {\"fields\": [\"mail_body\"]}}]"
        }
    },
    {
        "model": "admin.logentry",
        "pk": 154,
        "fields": {
            "action_time": "2019-01-22T15:00:22.989Z",
            "user": 1,
            "content_type": 84,
            "object_id": "3",
            "object_repr": "new_order_admin",
            "action_flag": 2,
            "change_message": "[{\"changed\": {\"fields\": [\"mail_body\"]}}]"
        }
    },
    {
        "model": "admin.logentry",
        "pk": 155,
        "fields": {
            "action_time": "2019-01-22T15:00:36.854Z",
            "user": 1,
            "content_type": 84,
            "object_id": "1",
            "object_repr": "new_order_user",
            "action_flag": 2,
            "change_message": "[{\"changed\": {\"fields\": [\"mail_body\"]}}]"
        }
    },
    {
        "model": "admin.logentry",
        "pk": 156,
        "fields": {
            "action_time": "2019-01-23T09:25:08.243Z",
            "user": 1,
            "content_type": 84,
            "object_id": "3",
            "object_repr": "new_order_admin",
            "action_flag": 2,
            "change_message": "[{\"changed\": {\"fields\": [\"mail_body\"]}}]"
        }
    },
    {
        "model": "admin.logentry",
        "pk": 157,
        "fields": {
            "action_time": "2019-01-23T09:25:21.050Z",
            "user": 1,
            "content_type": 84,
            "object_id": "1",
            "object_repr": "new_order_user",
            "action_flag": 2,
            "change_message": "[{\"changed\": {\"fields\": [\"mail_body\"]}}]"
        }
    },
    {
        "model": "admin.logentry",
        "pk": 158,
        "fields": {
            "action_time": "2019-01-23T10:41:16.511Z",
            "user": 1,
            "content_type": 84,
            "object_id": "6",
            "object_repr": "new_user_signup",
            "action_flag": 1,
            "change_message": "[{\"added\": {}}]"
        }
    },
    {
        "model": "admin.logentry",
        "pk": 159,
        "fields": {
            "action_time": "2019-01-23T10:42:09.102Z",
            "user": 1,
            "content_type": 84,
            "object_id": "6",
            "object_repr": "new_user_signup",
            "action_flag": 2,
            "change_message": "[{\"changed\": {\"fields\": [\"mail_body\"]}}]"
        }
    },
    {
        "model": "admin.logentry",
        "pk": 160,
        "fields": {
            "action_time": "2019-01-23T11:23:54.168Z",
            "user": 1,
            "content_type": 78,
            "object_id": "7",
            "object_repr": "new",
            "action_flag": 3,
            "change_message": ""
        }
    },
    {
        "model": "admin.logentry",
        "pk": 161,
        "fields": {
            "action_time": "2019-01-23T11:24:17.977Z",
            "user": 1,
            "content_type": 5,
            "object_id": "9",
            "object_repr": "new",
            "action_flag": 3,
            "change_message": ""
        }
    },
    {
        "model": "admin.logentry",
        "pk": 162,
        "fields": {
            "action_time": "2019-01-23T11:36:29.755Z",
            "user": 1,
            "content_type": 5,
            "object_id": "12",
            "object_repr": "buyer0",
            "action_flag": 3,
            "change_message": ""
        }
    },
    {
        "model": "admin.logentry",
        "pk": 163,
        "fields": {
            "action_time": "2019-01-23T11:47:25.421Z",
            "user": 1,
            "content_type": 84,
            "object_id": "6",
            "object_repr": "new_user_signup",
            "action_flag": 2,
            "change_message": "[{\"changed\": {\"fields\": [\"mail_body\"]}}]"
        }
    },
    {
        "model": "admin.logentry",
        "pk": 164,
        "fields": {
            "action_time": "2019-01-23T11:47:43.294Z",
            "user": 1,
            "content_type": 78,
            "object_id": "11",
            "object_repr": "buyer0",
            "action_flag": 3,
            "change_message": ""
        }
    },
    {
        "model": "admin.logentry",
        "pk": 165,
        "fields": {
            "action_time": "2019-01-23T11:47:53.981Z",
            "user": 1,
            "content_type": 5,
            "object_id": "13",
            "object_repr": "buyer0",
            "action_flag": 3,
            "change_message": ""
        }
    },
    {
        "model": "admin.logentry",
        "pk": 166,
        "fields": {
            "action_time": "2019-01-23T11:53:31.718Z",
            "user": 1,
            "content_type": 84,
            "object_id": "6",
            "object_repr": "new_user_signup",
            "action_flag": 2,
            "change_message": "[{\"changed\": {\"fields\": [\"mail_body\"]}}]"
        }
    },
    {
        "model": "admin.logentry",
        "pk": 167,
        "fields": {
            "action_time": "2019-01-23T12:29:02.120Z",
            "user": 1,
            "content_type": 78,
            "object_id": "12",
            "object_repr": "buyer1",
            "action_flag": 3,
            "change_message": ""
        }
    },
    {
        "model": "admin.logentry",
        "pk": 168,
        "fields": {
            "action_time": "2019-01-23T12:29:11.826Z",
            "user": 1,
            "content_type": 5,
            "object_id": "14",
            "object_repr": "buyer1",
            "action_flag": 3,
            "change_message": ""
        }
    },
    {
        "model": "admin.logentry",
        "pk": 169,
        "fields": {
            "action_time": "2019-01-27T13:01:48.156Z",
            "user": 1,
            "content_type": 84,
            "object_id": "6",
            "object_repr": "new_user_signup",
            "action_flag": 2,
            "change_message": "[{\"changed\": {\"fields\": [\"mail_subject\", \"mail_body\"]}}]"
        }
    },
    {
        "model": "admin.logentry",
        "pk": 170,
        "fields": {
            "action_time": "2019-01-27T13:02:10.917Z",
            "user": 1,
            "content_type": 84,
            "object_id": "5",
            "object_repr": "cancel_order_admin",
            "action_flag": 2,
            "change_message": "[{\"changed\": {\"fields\": [\"mail_body\"]}}]"
        }
    },
    {
        "model": "admin.logentry",
        "pk": 171,
        "fields": {
            "action_time": "2019-01-27T13:02:31.461Z",
            "user": 1,
            "content_type": 84,
            "object_id": "4",
            "object_repr": "cancel_order_user",
            "action_flag": 2,
            "change_message": "[{\"changed\": {\"fields\": [\"mail_body\"]}}]"
        }
    },
    {
        "model": "admin.logentry",
        "pk": 172,
        "fields": {
            "action_time": "2019-01-27T13:02:49.308Z",
            "user": 1,
            "content_type": 84,
            "object_id": "3",
            "object_repr": "new_order_admin",
            "action_flag": 2,
            "change_message": "[{\"changed\": {\"fields\": [\"mail_body\"]}}]"
        }
    },
    {
        "model": "admin.logentry",
        "pk": 173,
        "fields": {
            "action_time": "2019-01-27T13:03:04.503Z",
            "user": 1,
            "content_type": 84,
            "object_id": "1",
            "object_repr": "new_order_user",
            "action_flag": 2,
            "change_message": "[{\"changed\": {\"fields\": [\"mail_body\"]}}]"
        }
    },
    {
        "model": "admin.logentry",
        "pk": 174,
        "fields": {
            "action_time": "2019-01-27T13:07:29.543Z",
            "user": 1,
            "content_type": 5,
            "object_id": "15",
            "object_repr": "buyer2",
            "action_flag": 3,
            "change_message": ""
        }
    },
    {
        "model": "admin.logentry",
        "pk": 175,
        "fields": {
            "action_time": "2019-01-27T13:07:29.569Z",
            "user": 1,
            "content_type": 5,
            "object_id": "16",
            "object_repr": "buyer3",
            "action_flag": 3,
            "change_message": ""
        }
    },
    {
        "model": "admin.logentry",
        "pk": 176,
        "fields": {
            "action_time": "2019-01-27T13:07:29.586Z",
            "user": 1,
            "content_type": 5,
            "object_id": "17",
            "object_repr": "buyer6",
            "action_flag": 3,
            "change_message": ""
        }
    },
    {
        "model": "admin.logentry",
        "pk": 177,
        "fields": {
            "action_time": "2019-01-27T13:07:29.603Z",
            "user": 1,
            "content_type": 5,
            "object_id": "18",
            "object_repr": "buyer77",
            "action_flag": 3,
            "change_message": ""
        }
    },
    {
        "model": "admin.logentry",
        "pk": 178,
        "fields": {
            "action_time": "2019-01-27T13:07:29.620Z",
            "user": 1,
            "content_type": 5,
            "object_id": "19",
            "object_repr": "buyer88",
            "action_flag": 3,
            "change_message": ""
        }
    },
    {
        "model": "admin.logentry",
        "pk": 179,
        "fields": {
            "action_time": "2019-01-27T13:07:29.638Z",
            "user": 1,
            "content_type": 5,
            "object_id": "11",
            "object_repr": "new_user",
            "action_flag": 3,
            "change_message": ""
        }
    },
    {
        "model": "admin.logentry",
        "pk": 180,
        "fields": {
            "action_time": "2019-01-27T13:07:29.655Z",
            "user": 1,
            "content_type": 5,
            "object_id": "10",
            "object_repr": "sherry",
            "action_flag": 3,
            "change_message": ""
        }
    },
    {
        "model": "admin.logentry",
        "pk": 181,
        "fields": {
            "action_time": "2019-01-27T13:19:30.241Z",
            "user": 1,
            "content_type": 84,
            "object_id": "6",
            "object_repr": "new_user_signup",
            "action_flag": 2,
            "change_message": "[{\"changed\": {\"fields\": [\"mail_body\"]}}]"
        }
    },
    {
        "model": "admin.logentry",
        "pk": 182,
        "fields": {
            "action_time": "2019-01-29T11:43:24.625Z",
            "user": 1,
            "content_type": 83,
            "object_id": "7",
            "object_repr": "Shipping Fees:332.0",
            "action_flag": 3,
            "change_message": ""
        }
    },
    {
        "model": "admin.logentry",
        "pk": 183,
        "fields": {
            "action_time": "2019-01-29T11:43:24.779Z",
            "user": 1,
            "content_type": 83,
            "object_id": "6",
            "object_repr": "Shipping Fees:333.0",
            "action_flag": 3,
            "change_message": ""
        }
    },
    {
        "model": "admin.logentry",
        "pk": 184,
        "fields": {
            "action_time": "2019-01-29T11:43:24.814Z",
            "user": 1,
            "content_type": 83,
            "object_id": "5",
            "object_repr": "Shipping Fees:2.0",
            "action_flag": 3,
            "change_message": ""
        }
    },
    {
        "model": "admin.logentry",
        "pk": 185,
        "fields": {
            "action_time": "2019-01-29T11:43:24.831Z",
            "user": 1,
            "content_type": 83,
            "object_id": "4",
            "object_repr": "Shipping Fees:22.0",
            "action_flag": 3,
            "change_message": ""
        }
    },
    {
        "model": "admin.logentry",
        "pk": 186,
        "fields": {
            "action_time": "2019-01-29T12:51:36.831Z",
            "user": 1,
            "content_type": 5,
            "object_id": "20",
            "object_repr": "buyer1",
            "action_flag": 3,
            "change_message": ""
        }
    },
    {
        "model": "admin.logentry",
        "pk": 187,
        "fields": {
            "action_time": "2019-01-31T06:37:55.253Z",
            "user": 1,
            "content_type": 78,
            "object_id": "19",
            "object_repr": "buyer2000",
            "action_flag": 3,
            "change_message": ""
        }
    },
    {
        "model": "admin.logentry",
        "pk": 188,
        "fields": {
            "action_time": "2019-01-31T06:38:06.447Z",
            "user": 1,
            "content_type": 5,
            "object_id": "21",
            "object_repr": "buyer2000",
            "action_flag": 3,
            "change_message": ""
        }
    },
    {
        "model": "admin.logentry",
        "pk": 189,
        "fields": {
            "action_time": "2019-01-31T06:38:23.788Z",
            "user": 1,
            "content_type": 5,
            "object_id": "22",
            "object_repr": "admin",
            "action_flag": 1,
            "change_message": "[{\"added\": {}}]"
        }
    },
    {
        "model": "admin.logentry",
        "pk": 190,
        "fields": {
            "action_time": "2019-01-31T06:38:31.225Z",
            "user": 1,
            "content_type": 5,
            "object_id": "22",
            "object_repr": "admin",
            "action_flag": 2,
            "change_message": "[]"
        }
    },
    {
        "model": "admin.logentry",
        "pk": 191,
        "fields": {
            "action_time": "2019-01-31T06:39:34.213Z",
            "user": 1,
            "content_type": 5,
            "object_id": "22",
            "object_repr": "admin",
            "action_flag": 2,
            "change_message": "[{\"changed\": {\"fields\": [\"is_staff\", \"is_superuser\"]}}]"
        }
    },
    {
        "model": "admin.logentry",
        "pk": 259,
        "fields": {
            "action_time": "2019-01-31T06:44:18.642Z",
            "user": 1,
            "content_type": 5,
            "object_id": "23",
            "object_repr": "admin",
            "action_flag": 1,
            "change_message": "[{\"added\": {}}]"
        }
    },
    {
        "model": "admin.logentry",
        "pk": 260,
        "fields": {
            "action_time": "2019-01-31T06:44:26.137Z",
            "user": 1,
            "content_type": 5,
            "object_id": "23",
            "object_repr": "admin",
            "action_flag": 2,
            "change_message": "[{\"changed\": {\"fields\": [\"is_staff\", \"is_superuser\"]}}]"
        }
    },
    {
        "model": "admin.logentry",
        "pk": 262,
        "fields": {
            "action_time": "2019-01-31T06:46:29.209Z",
            "user": 1,
            "content_type": 5,
            "object_id": "23",
            "object_repr": "admin",
            "action_flag": 3,
            "change_message": ""
        }
    },
    {
        "model": "admin.logentry",
        "pk": 263,
        "fields": {
            "action_time": "2019-01-31T06:46:39.101Z",
            "user": 1,
            "content_type": 5,
            "object_id": "1",
            "object_repr": "admin",
            "action_flag": 2,
            "change_message": "[{\"changed\": {\"fields\": [\"username\"]}}]"
        }
    },
    {
        "model": "admin.logentry",
        "pk": 264,
        "fields": {
            "action_time": "2019-01-31T06:46:59.528Z",
            "user": 1,
            "content_type": 5,
            "object_id": "1",
            "object_repr": "admin",
            "action_flag": 2,
            "change_message": "[{\"changed\": {\"fields\": [\"password\"]}}]"
        }
    },
    {
        "model": "admin.logentry",
        "pk": 265,
        "fields": {
            "action_time": "2019-01-31T06:47:06.800Z",
            "user": 1,
            "content_type": 5,
            "object_id": "1",
            "object_repr": "admin",
            "action_flag": 2,
            "change_message": "[{\"changed\": {\"fields\": [\"email\"]}}]"
        }
    },
    {
        "model": "admin.logentry",
        "pk": 266,
        "fields": {
            "action_time": "2019-01-31T06:49:45.163Z",
            "user": 1,
            "content_type": 2,
            "object_id": "3",
            "object_repr": "Home",
            "action_flag": 2,
            "change_message": "[]"
        }
    },
    {
        "model": "admin.logentry",
        "pk": 267,
        "fields": {
            "action_time": "2019-01-31T06:51:12.401Z",
            "user": 1,
            "content_type": 2,
            "object_id": "3",
            "object_repr": "Home",
            "action_flag": 3,
            "change_message": ""
        }
    },
    {
        "model": "admin.logentry",
        "pk": 268,
        "fields": {
            "action_time": "2019-01-31T06:52:01.226Z",
            "user": 1,
            "content_type": 2,
            "object_id": "8",
            "object_repr": "Home",
            "action_flag": 1,
            "change_message": "[{\"added\": {}}]"
        }
    },
    {
        "model": "admin.logentry",
        "pk": 269,
        "fields": {
            "action_time": "2019-01-31T06:52:34.812Z",
            "user": 1,
            "content_type": 2,
            "object_id": "8",
            "object_repr": "Home",
            "action_flag": 2,
            "change_message": "[{\"changed\": {\"fields\": [\"template\", \"xframe_options\"]}}]"
        }
    },
    {
        "model": "admin.logentry",
        "pk": 270,
        "fields": {
            "action_time": "2019-01-31T06:52:49.197Z",
            "user": 1,
            "content_type": 2,
            "object_id": "8",
            "object_repr": "Home",
            "action_flag": 2,
            "change_message": ""
        }
    },
    {
        "model": "admin.logentry",
        "pk": 271,
        "fields": {
            "action_time": "2019-01-31T07:12:59.019Z",
            "user": 1,
            "content_type": 58,
            "object_id": "331",
            "object_repr": "331",
            "action_flag": 3,
            "change_message": ""
        }
    },
    {
        "model": "admin.logentry",
        "pk": 272,
        "fields": {
            "action_time": "2019-01-31T07:22:20.856Z",
            "user": 1,
            "content_type": 61,
            "object_id": "335",
            "object_repr": "335",
            "action_flag": 3,
            "change_message": ""
        }
    },
    {
        "model": "admin.logentry",
        "pk": 273,
        "fields": {
            "action_time": "2019-01-31T07:22:44.277Z",
            "user": 1,
            "content_type": 61,
            "object_id": "336",
            "object_repr": "336",
            "action_flag": 3,
            "change_message": ""
        }
    },
    {
        "model": "admin.logentry",
        "pk": 274,
        "fields": {
            "action_time": "2019-01-31T07:29:37.053Z",
            "user": 1,
            "content_type": 2,
            "object_id": "8",
            "object_repr": "Home",
            "action_flag": 2,
            "change_message": ""
        }
    },
    {
        "model": "admin.logentry",
        "pk": 275,
        "fields": {
            "action_time": "2019-01-31T07:35:40.448Z",
            "user": 1,
            "content_type": 61,
            "object_id": "404",
            "object_repr": "404",
            "action_flag": 3,
            "change_message": ""
        }
    },
    {
        "model": "admin.logentry",
        "pk": 276,
        "fields": {
            "action_time": "2019-01-31T07:36:38.331Z",
            "user": 1,
            "content_type": 61,
            "object_id": "410",
            "object_repr": "410",
            "action_flag": 3,
            "change_message": ""
        }
    },
    {
        "model": "admin.logentry",
        "pk": 277,
        "fields": {
            "action_time": "2019-01-31T07:36:43.530Z",
            "user": 1,
            "content_type": 61,
            "object_id": "411",
            "object_repr": "411",
            "action_flag": 3,
            "change_message": ""
        }
    },
    {
        "model": "admin.logentry",
        "pk": 278,
        "fields": {
            "action_time": "2019-01-31T07:49:29.255Z",
            "user": 1,
            "content_type": 61,
            "object_id": "414",
            "object_repr": "414",
            "action_flag": 3,
            "change_message": ""
        }
    },
    {
        "model": "admin.logentry",
        "pk": 279,
        "fields": {
            "action_time": "2019-01-31T07:49:34.258Z",
            "user": 1,
            "content_type": 61,
            "object_id": "415",
            "object_repr": "415",
            "action_flag": 3,
            "change_message": ""
        }
    },
    {
        "model": "admin.logentry",
        "pk": 280,
        "fields": {
            "action_time": "2019-01-31T08:00:26.694Z",
            "user": 1,
            "content_type": 2,
            "object_id": "8",
            "object_repr": "Home",
            "action_flag": 2,
            "change_message": ""
        }
    },
    {
        "model": "admin.logentry",
        "pk": 281,
        "fields": {
            "action_time": "2019-01-31T08:19:11.456Z",
            "user": 1,
            "content_type": 2,
            "object_id": "8",
            "object_repr": "Home",
            "action_flag": 2,
            "change_message": ""
        }
    },
    {
        "model": "admin.logentry",
        "pk": 282,
        "fields": {
            "action_time": "2019-01-31T08:22:51.968Z",
            "user": 1,
            "content_type": 2,
            "object_id": "5",
            "object_repr": "Contact Us",
            "action_flag": 2,
            "change_message": ""
        }
    },
    {
        "model": "admin.logentry",
        "pk": 283,
        "fields": {
            "action_time": "2019-01-31T08:27:55.722Z",
            "user": 1,
            "content_type": 2,
            "object_id": "10",
            "object_repr": "Contact",
            "action_flag": 2,
            "change_message": ""
        }
    },
    {
        "model": "admin.logentry",
        "pk": 284,
        "fields": {
            "action_time": "2019-01-31T08:28:21.997Z",
            "user": 1,
            "content_type": 2,
            "object_id": "8",
            "object_repr": "Home",
            "action_flag": 2,
            "change_message": ""
        }
    },
    {
        "model": "admin.logentry",
        "pk": 285,
        "fields": {
            "action_time": "2019-01-31T08:28:50.324Z",
            "user": 1,
            "content_type": 2,
            "object_id": "10",
            "object_repr": "Contact",
            "action_flag": 2,
            "change_message": "[{\"changed\": {\"fields\": [\"application_urls\", \"xframe_options\"]}}]"
        }
    },
    {
        "model": "admin.logentry",
        "pk": 286,
        "fields": {
            "action_time": "2019-01-31T08:29:00.765Z",
            "user": 1,
            "content_type": 2,
            "object_id": "5",
            "object_repr": "Contact Us",
            "action_flag": 3,
            "change_message": ""
        }
    },
    {
        "model": "admin.logentry",
        "pk": 287,
        "fields": {
            "action_time": "2019-01-31T08:29:14.187Z",
            "user": 1,
            "content_type": 2,
            "object_id": "10",
            "object_repr": "Contact",
            "action_flag": 2,
            "change_message": "[{\"changed\": {\"fields\": [\"title\", \"slug\"]}}]"
        }
    },
    {
        "model": "admin.logentry",
        "pk": 288,
        "fields": {
            "action_time": "2019-01-31T08:29:18.654Z",
            "user": 1,
            "content_type": 2,
            "object_id": "10",
            "object_repr": "Contact Us",
            "action_flag": 2,
            "change_message": ""
        }
    },
    {
        "model": "admin.logentry",
        "pk": 289,
        "fields": {
            "action_time": "2019-01-31T08:30:48.007Z",
            "user": 1,
            "content_type": 77,
            "object_id": "20",
            "object_repr": "Leather Notebooks",
            "action_flag": 1,
            "change_message": "[{\"added\": {}}]"
        }
    },
    {
        "model": "admin.logentry",
        "pk": 290,
        "fields": {
            "action_time": "2019-01-31T08:31:21.074Z",
            "user": 1,
            "content_type": 77,
            "object_id": "21",
            "object_repr": "Hand made bag",
            "action_flag": 1,
            "change_message": "[{\"added\": {}}]"
        }
    },
    {
        "model": "admin.logentry",
        "pk": 291,
        "fields": {
            "action_time": "2019-01-31T08:31:45.385Z",
            "user": 1,
            "content_type": 77,
            "object_id": "22",
            "object_repr": "Candles",
            "action_flag": 1,
            "change_message": "[{\"added\": {}}]"
        }
    },
    {
        "model": "admin.logentry",
        "pk": 292,
        "fields": {
            "action_time": "2019-01-31T08:32:17.179Z",
            "user": 1,
            "content_type": 77,
            "object_id": "23",
            "object_repr": "Bag for her",
            "action_flag": 1,
            "change_message": "[{\"added\": {}}]"
        }
    },
    {
        "model": "admin.logentry",
        "pk": 293,
        "fields": {
            "action_time": "2019-01-31T08:32:43.415Z",
            "user": 1,
            "content_type": 77,
            "object_id": "24",
            "object_repr": "Foldable Bag",
            "action_flag": 1,
            "change_message": "[{\"added\": {}}]"
        }
    },
    {
        "model": "admin.logentry",
        "pk": 294,
        "fields": {
            "action_time": "2019-01-31T08:33:17.909Z",
            "user": 1,
            "content_type": 77,
            "object_id": "25",
            "object_repr": "Hand made gift set",
            "action_flag": 1,
            "change_message": "[{\"added\": {}}]"
        }
    },
    {
        "model": "admin.logentry",
        "pk": 295,
        "fields": {
            "action_time": "2019-01-31T08:33:52.582Z",
            "user": 1,
            "content_type": 77,
            "object_id": "26",
            "object_repr": "For your home",
            "action_flag": 1,
            "change_message": "[{\"added\": {}}]"
        }
    },
    {
        "model": "admin.logentry",
        "pk": 296,
        "fields": {
            "action_time": "2019-01-31T08:34:21.620Z",
            "user": 1,
            "content_type": 77,
            "object_id": "27",
            "object_repr": "Earrings",
            "action_flag": 1,
            "change_message": "[{\"added\": {}}]"
        }
    },
    {
        "model": "admin.logentry",
        "pk": 297,
        "fields": {
            "action_time": "2019-01-31T08:34:55.050Z",
            "user": 1,
            "content_type": 77,
            "object_id": "28",
            "object_repr": "African style bag",
            "action_flag": 1,
            "change_message": "[{\"added\": {}}]"
        }
    },
    {
        "model": "admin.logentry",
        "pk": 298,
        "fields": {
            "action_time": "2019-01-31T08:35:27.610Z",
            "user": 1,
            "content_type": 77,
            "object_id": "29",
            "object_repr": "Basket",
            "action_flag": 1,
            "change_message": "[{\"added\": {}}]"
        }
    },
    {
        "model": "admin.logentry",
        "pk": 299,
        "fields": {
            "action_time": "2019-01-31T08:35:56.318Z",
            "user": 1,
            "content_type": 77,
            "object_id": "30",
            "object_repr": "Crochet bag",
            "action_flag": 1,
            "change_message": "[{\"added\": {}}]"
        }
    },
    {
        "model": "admin.logentry",
        "pk": 300,
        "fields": {
            "action_time": "2019-01-31T08:36:32.814Z",
            "user": 1,
            "content_type": 77,
            "object_id": "31",
            "object_repr": "Baby head cover",
            "action_flag": 1,
            "change_message": "[{\"added\": {}}]"
        }
    },
    {
        "model": "admin.logentry",
        "pk": 301,
        "fields": {
            "action_time": "2019-01-31T08:37:11.151Z",
            "user": 1,
            "content_type": 77,
            "object_id": "32",
            "object_repr": "African style crochet bag",
            "action_flag": 1,
            "change_message": "[{\"added\": {}}]"
        }
    },
    {
        "model": "admin.logentry",
        "pk": 302,
        "fields": {
            "action_time": "2019-01-31T08:37:40.412Z",
            "user": 1,
            "content_type": 77,
            "object_id": "33",
            "object_repr": "Crochet door mat",
            "action_flag": 1,
            "change_message": "[{\"added\": {}}]"
        }
    },
    {
        "model": "admin.logentry",
        "pk": 303,
        "fields": {
            "action_time": "2019-01-31T08:38:07.137Z",
            "user": 1,
            "content_type": 77,
            "object_id": "34",
            "object_repr": "Baby shoes",
            "action_flag": 1,
            "change_message": "[{\"added\": {}}]"
        }
    },
    {
        "model": "admin.logentry",
        "pk": 304,
        "fields": {
            "action_time": "2019-01-31T08:38:38.232Z",
            "user": 1,
            "content_type": 77,
            "object_id": "35",
            "object_repr": "Leather bag",
            "action_flag": 1,
            "change_message": "[{\"added\": {}}]"
        }
    },
    {
        "model": "admin.logentry",
        "pk": 305,
        "fields": {
            "action_time": "2019-01-31T08:39:25.846Z",
            "user": 1,
            "content_type": 77,
            "object_id": "36",
            "object_repr": "Gift box set",
            "action_flag": 1,
            "change_message": "[{\"added\": {}}]"
        }
    },
    {
        "model": "admin.logentry",
        "pk": 306,
        "fields": {
            "action_time": "2019-01-31T08:40:07.540Z",
            "user": 1,
            "content_type": 77,
            "object_id": "37",
            "object_repr": "Office Notebook",
            "action_flag": 1,
            "change_message": "[{\"added\": {}}]"
        }
    },
    {
        "model": "admin.logentry",
        "pk": 307,
        "fields": {
            "action_time": "2019-01-31T08:40:46.297Z",
            "user": 1,
            "content_type": 77,
            "object_id": "38",
            "object_repr": "Wodden wallet",
            "action_flag": 1,
            "change_message": "[{\"added\": {}}]"
        }
    },
    {
        "model": "cms.usersettings",
        "pk": 1,
        "fields": {
            "user": 1,
            "language": "en",
            "clipboard": 1
        }
    },
    {
        "model": "filer.folder",
        "pk": 1,
        "fields": {
            "parent": null,
            "name": "Carousel",
            "owner": 1,
            "uploaded_at": "2019-01-31T06:57:20.789Z",
            "created_at": "2019-01-31T06:57:20.789Z",
            "modified_at": "2019-01-31T06:57:20.789Z",
            "lft": 1,
            "rght": 2,
            "tree_id": 1,
            "level": 0
        }
    },
    {
        "model": "filer.folder",
        "pk": 2,
        "fields": {
            "parent": null,
            "name": "products",
            "owner": 1,
            "uploaded_at": "2019-01-31T07:17:26.721Z",
            "created_at": "2019-01-31T07:17:26.721Z",
            "modified_at": "2019-01-31T07:17:26.721Z",
            "lft": 1,
            "rght": 2,
            "tree_id": 2,
            "level": 0
        }
    },
    {
        "model": "filer.file",
        "pk": 27,
        "fields": {
            "polymorphic_ctype": 28,
            "folder": 1,
            "file": "filer_public/76/ac/76ac6d92-a4ff-4056-9777-31a7dc68e673/shutterstock_569833969-850x476.jpg",
            "_file_size": 93886,
            "sha1": "de099f989dca25ab2f8238be1ca57cb3c7d2287e",
            "has_all_mandatory_data": false,
            "original_filename": "shutterstock_569833969-850x476.jpg",
            "name": "",
            "description": null,
            "owner": 1,
            "uploaded_at": "2019-01-31T06:57:55.238Z",
            "modified_at": "2019-01-31T06:57:55.238Z",
            "is_public": true
        }
    },
    {
        "model": "filer.file",
        "pk": 28,
        "fields": {
            "polymorphic_ctype": 28,
            "folder": 1,
            "file": "filer_public/84/4e/844ec049-1c59-4552-93d2-9b63df5191d2/places-to-sell-your-handmade-850x476.jpg",
            "_file_size": 90603,
            "sha1": "4c3fb87fdfb22f54b46ec384e539a6d41e956c51",
            "has_all_mandatory_data": false,
            "original_filename": "places-to-sell-your-handmade-850x476.jpg",
            "name": "",
            "description": null,
            "owner": 1,
            "uploaded_at": "2019-01-31T07:04:02.071Z",
            "modified_at": "2019-01-31T07:04:02.071Z",
            "is_public": true
        }
    },
    {
        "model": "filer.file",
        "pk": 29,
        "fields": {
            "polymorphic_ctype": 28,
            "folder": 1,
            "file": "filer_public/e9/9a/e99aad93-deb5-4800-a793-3585b78cb231/best-marketplaces-to-sell-handmade-jewelry.jpg",
            "_file_size": 352638,
            "sha1": "1482c1a7ed84b75e221d6f7dfdcb33d86f9d1c33",
            "has_all_mandatory_data": false,
            "original_filename": "Best-Marketplaces-to-Sell-Handmade-Jewelry.jpg",
            "name": "",
            "description": null,
            "owner": 1,
            "uploaded_at": "2019-01-31T07:07:00.151Z",
            "modified_at": "2019-01-31T07:07:00.151Z",
            "is_public": true
        }
    },
    {
        "model": "filer.file",
        "pk": 30,
        "fields": {
            "polymorphic_ctype": 28,
            "folder": 2,
            "file": "filer_public/0d/de/0dde150c-6360-45c0-b357-60d5f2889cad/natures-garden-therapies-handmade-products-from-mother-earth.jpg",
            "_file_size": 145180,
            "sha1": "75318e56cccf07473ec80bbe1abd074908155f8b",
            "has_all_mandatory_data": false,
            "original_filename": "Natures-Garden-Therapies-Handmade-products-from-Mother-Earth.jpg",
            "name": "",
            "description": null,
            "owner": 1,
            "uploaded_at": "2019-01-31T07:17:46.722Z",
            "modified_at": "2019-01-31T07:17:46.722Z",
            "is_public": true
        }
    },
    {
        "model": "filer.file",
        "pk": 31,
        "fields": {
            "polymorphic_ctype": 28,
            "folder": 2,
            "file": "filer_public/f8/2e/f82efb10-dec1-4e66-9250-93d9f330a2a2/simple-handmade-handmade-handbags-handmade-seaweed-knit-bag-art-sen-female-handbag-retro-ladies-handbag-bucketjpg_640x640.jpg",
            "_file_size": 61368,
            "sha1": "ef090bedf79232cc018682effaa3e7a75db55b8f",
            "has_all_mandatory_data": false,
            "original_filename": "Simple-handmade-handmade-handbags-handmade-seaweed-knit-bag-art-sen-female-handbag-retro-ladies-handbag-bucket.jpg_640x640.jpg",
            "name": "",
            "description": null,
            "owner": 1,
            "uploaded_at": "2019-01-31T07:23:11.637Z",
            "modified_at": "2019-01-31T07:23:11.637Z",
            "is_public": true
        }
    },
    {
        "model": "filer.file",
        "pk": 32,
        "fields": {
            "polymorphic_ctype": 28,
            "folder": 2,
            "file": "filer_public/44/30/443003f2-1ad4-4aea-84d7-f95b9d837e30/circlem-leatherjournals.jpg",
            "_file_size": 153444,
            "sha1": "ee1f9e0c67088478b27c6a5c20fceefcdc1e6d73",
            "has_all_mandatory_data": false,
            "original_filename": "Circle+M+-+Leather+Journals.JPG",
            "name": "",
            "description": null,
            "owner": 1,
            "uploaded_at": "2019-01-31T07:24:12.705Z",
            "modified_at": "2019-01-31T07:24:12.705Z",
            "is_public": true
        }
    },
    {
        "model": "filer.file",
        "pk": 33,
        "fields": {
            "polymorphic_ctype": 28,
            "folder": 2,
            "file": "filer_public/02/d3/02d32196-fec1-421b-82cc-bf0f21e24dca/images_14.jpeg",
            "_file_size": 12706,
            "sha1": "1f06b7cb09f54bcba16210ecd78121e97739ff14",
            "has_all_mandatory_data": false,
            "original_filename": "images (14).jpeg",
            "name": "",
            "description": null,
            "owner": 1,
            "uploaded_at": "2019-01-31T07:27:26.483Z",
            "modified_at": "2019-01-31T07:27:26.483Z",
            "is_public": true
        }
    },
    {
        "model": "filer.file",
        "pk": 34,
        "fields": {
            "polymorphic_ctype": 28,
            "folder": 2,
            "file": "filer_public/d1/89/d189c805-5274-4186-9637-c17d3fe2b9c4/tumblr_lkmt9sqglt1qfakwk.jpg",
            "_file_size": 54803,
            "sha1": "c102bf9d0e24996ed2af8297d26cfa8acbca64ab",
            "has_all_mandatory_data": false,
            "original_filename": "tumblr_lkmt9sQGlt1qfakwk.jpg",
            "name": "",
            "description": null,
            "owner": 1,
            "uploaded_at": "2019-01-31T08:32:23.906Z",
            "modified_at": "2019-01-31T08:32:23.906Z",
            "is_public": true
        }
    },
    {
        "model": "filer.file",
        "pk": 35,
        "fields": {
            "polymorphic_ctype": 28,
            "folder": 2,
            "file": "filer_public/95/ac/95ac7a4f-5e0b-4bfb-9ed6-280e56b55f2e/sbs_003.jpg",
            "_file_size": 1600011,
            "sha1": "9939db8374565cb9b69cad77fd97b6ca28eca05a",
            "has_all_mandatory_data": false,
            "original_filename": "sbs_003.jpg",
            "name": "",
            "description": null,
            "owner": 1,
            "uploaded_at": "2019-01-31T08:32:52.308Z",
            "modified_at": "2019-01-31T08:32:52.308Z",
            "is_public": true
        }
    },
    {
        "model": "filer.file",
        "pk": 36,
        "fields": {
            "polymorphic_ctype": 28,
            "folder": 2,
            "file": "filer_public/62/e6/62e69381-42a0-43a2-b545-50d878deb06b/pricing-your-handmade-products.jpg",
            "_file_size": 70686,
            "sha1": "77125f07cdd66d494817e035bd4bd2da0ed4f591",
            "has_all_mandatory_data": false,
            "original_filename": "pricing-your-handmade-products.jpg",
            "name": "",
            "description": null,
            "owner": 1,
            "uploaded_at": "2019-01-31T08:33:28.810Z",
            "modified_at": "2019-01-31T08:33:28.810Z",
            "is_public": true
        }
    },
    {
        "model": "filer.file",
        "pk": 37,
        "fields": {
            "polymorphic_ctype": 28,
            "folder": 2,
            "file": "filer_public/e3/96/e3961f2e-0719-4aab-bb9d-9194f172c829/morgan_hill_poppy_jasper_pendant_tela_formosa_2__grande.jpg",
            "_file_size": 49972,
            "sha1": "c0760a7651f0edeb5783b299691b00988f3e5de6",
            "has_all_mandatory_data": false,
            "original_filename": "morgan_hill_poppy_jasper_pendant_tela_formosa_2__grande.JPG",
            "name": "",
            "description": null,
            "owner": 1,
            "uploaded_at": "2019-01-31T08:34:01.882Z",
            "modified_at": "2019-01-31T08:34:01.882Z",
            "is_public": true
        }
    },
    {
        "model": "filer.file",
        "pk": 38,
        "fields": {
            "polymorphic_ctype": 28,
            "folder": 2,
            "file": "filer_public/5c/26/5c26db43-f498-4ccb-b121-40f08ba52ce9/mall-for-africasm.jpg",
            "_file_size": 276794,
            "sha1": "fb5db0048c92fee65f8501cad54248fa999f2d7b",
            "has_all_mandatory_data": false,
            "original_filename": "mall-for-africasm.jpg",
            "name": "",
            "description": null,
            "owner": 1,
            "uploaded_at": "2019-01-31T08:34:32.837Z",
            "modified_at": "2019-01-31T08:34:32.837Z",
            "is_public": true
        }
    },
    {
        "model": "filer.file",
        "pk": 39,
        "fields": {
            "polymorphic_ctype": 28,
            "folder": 2,
            "file": "filer_public/68/6e/686edd51-7b6b-405e-a80d-bbfd2f2063c6/img_7422.jpg",
            "_file_size": 533230,
            "sha1": "bb1c79fe0cd9b9277d09acdbbbbf6ee4524ec2e6",
            "has_all_mandatory_data": false,
            "original_filename": "IMG_7422.jpg",
            "name": "",
            "description": null,
            "owner": 1,
            "uploaded_at": "2019-01-31T08:35:06.546Z",
            "modified_at": "2019-01-31T08:35:06.546Z",
            "is_public": true
        }
    },
    {
        "model": "filer.file",
        "pk": 40,
        "fields": {
            "polymorphic_ctype": 28,
            "folder": 2,
            "file": "filer_public/38/03/3803f602-fc1e-4607-be2d-c9b71bd020cf/img_0423_1024x1024.jpg",
            "_file_size": 69943,
            "sha1": "cdc8cdf2884cd7fe321fc3a7e70de472f8e03a56",
            "has_all_mandatory_data": false,
            "original_filename": "IMG_0423_1024x1024.jpg",
            "name": "",
            "description": null,
            "owner": 1,
            "uploaded_at": "2019-01-31T08:35:35.427Z",
            "modified_at": "2019-01-31T08:35:35.427Z",
            "is_public": true
        }
    },
    {
        "model": "filer.file",
        "pk": 41,
        "fields": {
            "polymorphic_ctype": 28,
            "folder": 2,
            "file": "filer_public/0b/ef/0bef6a9f-a2e5-4d7d-8090-7298097dfa66/images_12.jpeg",
            "_file_size": 7237,
            "sha1": "541fcbe77d427643f1bed7ad970e9d3d902a5cbf",
            "has_all_mandatory_data": false,
            "original_filename": "images (12).jpeg",
            "name": "",
            "description": null,
            "owner": 1,
            "uploaded_at": "2019-01-31T08:36:04.363Z",
            "modified_at": "2019-01-31T08:36:04.363Z",
            "is_public": true
        }
    },
    {
        "model": "filer.file",
        "pk": 42,
        "fields": {
            "polymorphic_ctype": 28,
            "folder": 2,
            "file": "filer_public/53/49/5349595f-e05b-4162-a5f4-66894ca00685/images_11.jpeg",
            "_file_size": 10078,
            "sha1": "48ec4157d25d0cd0a921bbb3e7f2e3dd7df49ad5",
            "has_all_mandatory_data": false,
            "original_filename": "images (11).jpeg",
            "name": "",
            "description": null,
            "owner": 1,
            "uploaded_at": "2019-01-31T08:36:44.285Z",
            "modified_at": "2019-01-31T08:36:44.285Z",
            "is_public": true
        }
    },
    {
        "model": "filer.file",
        "pk": 43,
        "fields": {
            "polymorphic_ctype": 28,
            "folder": 2,
            "file": "filer_public/1f/46/1f465ccb-b757-4910-af56-f18edc091f50/images_2.jpeg",
            "_file_size": 11867,
            "sha1": "d928af9e5d6a2607b5f0bc379f13af46279ab49c",
            "has_all_mandatory_data": false,
            "original_filename": "images (2).jpeg",
            "name": "",
            "description": null,
            "owner": 1,
            "uploaded_at": "2019-01-31T08:37:22.520Z",
            "modified_at": "2019-01-31T08:37:22.520Z",
            "is_public": true
        }
    },
    {
        "model": "filer.file",
        "pk": 44,
        "fields": {
            "polymorphic_ctype": 28,
            "folder": 2,
            "file": "filer_public/5f/80/5f806f06-c60f-42a4-8837-16e3cc7fdfe0/images_1.jpeg",
            "_file_size": 7530,
            "sha1": "05657f2e7d662353f86ff154ebdf55b4488cef6e",
            "has_all_mandatory_data": false,
            "original_filename": "images (1).jpeg",
            "name": "",
            "description": null,
            "owner": 1,
            "uploaded_at": "2019-01-31T08:37:48.215Z",
            "modified_at": "2019-01-31T08:37:48.215Z",
            "is_public": true
        }
    },
    {
        "model": "filer.file",
        "pk": 45,
        "fields": {
            "polymorphic_ctype": 28,
            "folder": 2,
            "file": "filer_public/90/d9/90d967aa-4917-47cd-a23f-c5fa40e66899/handmade-4-us.jpg",
            "_file_size": 8597,
            "sha1": "ed0111549ecc4589fd728e2125909c5a588ba333",
            "has_all_mandatory_data": false,
            "original_filename": "handmade-4-US.jpg",
            "name": "",
            "description": null,
            "owner": 1,
            "uploaded_at": "2019-01-31T08:38:20.572Z",
            "modified_at": "2019-01-31T08:38:20.572Z",
            "is_public": true
        }
    },
    {
        "model": "filer.file",
        "pk": 46,
        "fields": {
            "polymorphic_ctype": 28,
            "folder": 2,
            "file": "filer_public/9e/c6/9ec66bf7-d0ef-4165-a077-f14f154920a5/a664b01b4dafa222a529e4754d891b9a.jpg",
            "_file_size": 59429,
            "sha1": "468091c556943d31f2a2ab0752f887245f782ca9",
            "has_all_mandatory_data": false,
            "original_filename": "a664b01b4dafa222a529e4754d891b9a.jpg",
            "name": "",
            "description": null,
            "owner": 1,
            "uploaded_at": "2019-01-31T08:39:00.092Z",
            "modified_at": "2019-01-31T08:39:00.092Z",
            "is_public": true
        }
    },
    {
        "model": "filer.file",
        "pk": 47,
        "fields": {
            "polymorphic_ctype": 28,
            "folder": 2,
            "file": "filer_public/9d/b7/9db7de66-208e-4327-bc6c-f46e633267c8/71krzfruwhl_sx355_.jpg",
            "_file_size": 14495,
            "sha1": "790b02f71b141466a4a6e1df738d68c9c4465ce4",
            "has_all_mandatory_data": false,
            "original_filename": "71KrzFrUWHL._SX355_.jpg",
            "name": "",
            "description": null,
            "owner": 1,
            "uploaded_at": "2019-01-31T08:39:43.179Z",
            "modified_at": "2019-01-31T08:39:43.179Z",
            "is_public": true
        }
    },
    {
        "model": "filer.file",
        "pk": 48,
        "fields": {
            "polymorphic_ctype": 28,
            "folder": 2,
            "file": "filer_public/23/80/238007de-62c0-4a84-b837-d89568d04ffa/0b0821c70e72d9c0ed59d908eb0d85fd.jpg",
            "_file_size": 23431,
            "sha1": "3274299f34c39df963dfc0f4d19dc0e4e903dd74",
            "has_all_mandatory_data": false,
            "original_filename": "0b0821c70e72d9c0ed59d908eb0d85fd.jpg",
            "name": "",
            "description": null,
            "owner": 1,
            "uploaded_at": "2019-01-31T08:40:25.195Z",
            "modified_at": "2019-01-31T08:40:25.195Z",
            "is_public": true
        }
    },
    {
        "model": "filer.clipboard",
        "pk": 1,
        "fields": {
            "user": 1
        }
    },
    {
        "model": "filer.image",
        "pk": 27,
        "fields": {
            "_height": 476,
            "_width": 850,
            "default_alt_text": null,
            "default_caption": null,
            "subject_location": "",
            "date_taken": "2019-01-31T06:57:55.117Z",
            "author": null,
            "must_always_publish_author_credit": false,
            "must_always_publish_copyright": false
        }
    },
    {
        "model": "filer.image",
        "pk": 28,
        "fields": {
            "_height": 476,
            "_width": 850,
            "default_alt_text": null,
            "default_caption": null,
            "subject_location": "",
            "date_taken": "2019-01-31T07:04:02.066Z",
            "author": null,
            "must_always_publish_author_credit": false,
            "must_always_publish_copyright": false
        }
    },
    {
        "model": "filer.image",
        "pk": 29,
        "fields": {
            "_height": 457,
            "_width": 800,
            "default_alt_text": null,
            "default_caption": null,
            "subject_location": "",
            "date_taken": "2019-01-31T07:07:00.146Z",
            "author": null,
            "must_always_publish_author_credit": false,
            "must_always_publish_copyright": false
        }
    },
    {
        "model": "filer.image",
        "pk": 30,
        "fields": {
            "_height": 667,
            "_width": 1000,
            "default_alt_text": null,
            "default_caption": null,
            "subject_location": "",
            "date_taken": "2019-01-31T07:17:46.716Z",
            "author": null,
            "must_always_publish_author_credit": false,
            "must_always_publish_copyright": false
        }
    },
    {
        "model": "filer.image",
        "pk": 31,
        "fields": {
            "_height": 640,
            "_width": 640,
            "default_alt_text": null,
            "default_caption": null,
            "subject_location": "",
            "date_taken": "2019-01-31T07:23:11.632Z",
            "author": null,
            "must_always_publish_author_credit": false,
            "must_always_publish_copyright": false
        }
    },
    {
        "model": "filer.image",
        "pk": 32,
        "fields": {
            "_height": 656,
            "_width": 1000,
            "default_alt_text": null,
            "default_caption": null,
            "subject_location": "",
            "date_taken": "2019-01-31T07:24:12.696Z",
            "author": null,
            "must_always_publish_author_credit": false,
            "must_always_publish_copyright": false
        }
    },
    {
        "model": "filer.image",
        "pk": 33,
        "fields": {
            "_height": 225,
            "_width": 225,
            "default_alt_text": null,
            "default_caption": null,
            "subject_location": "",
            "date_taken": "2019-01-31T07:27:26.478Z",
            "author": null,
            "must_always_publish_author_credit": false,
            "must_always_publish_copyright": false
        }
    },
    {
        "model": "filer.image",
        "pk": 34,
        "fields": {
            "_height": 332,
            "_width": 500,
            "default_alt_text": null,
            "default_caption": null,
            "subject_location": "",
            "date_taken": "2019-01-31T08:32:23.902Z",
            "author": null,
            "must_always_publish_author_credit": false,
            "must_always_publish_copyright": false
        }
    },
    {
        "model": "filer.image",
        "pk": 35,
        "fields": {
            "_height": 2592,
            "_width": 3872,
            "default_alt_text": null,
            "default_caption": null,
            "subject_location": "",
            "date_taken": "2019-01-31T08:32:52.300Z",
            "author": null,
            "must_always_publish_author_credit": false,
            "must_always_publish_copyright": false
        }
    },
    {
        "model": "filer.image",
        "pk": 36,
        "fields": {
            "_height": 748,
            "_width": 1085,
            "default_alt_text": null,
            "default_caption": null,
            "subject_location": "",
            "date_taken": "2019-01-31T08:33:28.805Z",
            "author": null,
            "must_always_publish_author_credit": false,
            "must_always_publish_copyright": false
        }
    },
    {
        "model": "filer.image",
        "pk": 37,
        "fields": {
            "_height": 576,
            "_width": 720,
            "default_alt_text": null,
            "default_caption": null,
            "subject_location": "",
            "date_taken": "2019-01-31T08:34:01.877Z",
            "author": null,
            "must_always_publish_author_credit": false,
            "must_always_publish_copyright": false
        }
    },
    {
        "model": "filer.image",
        "pk": 38,
        "fields": {
            "_height": 427,
            "_width": 758,
            "default_alt_text": null,
            "default_caption": null,
            "subject_location": "",
            "date_taken": "2019-01-31T08:34:32.832Z",
            "author": null,
            "must_always_publish_author_credit": false,
            "must_always_publish_copyright": false
        }
    },
    {
        "model": "filer.image",
        "pk": 39,
        "fields": {
            "_height": 2627,
            "_width": 2627,
            "default_alt_text": null,
            "default_caption": null,
            "subject_location": "",
            "date_taken": "2019-01-31T08:35:06.542Z",
            "author": null,
            "must_always_publish_author_credit": false,
            "must_always_publish_copyright": false
        }
    },
    {
        "model": "filer.image",
        "pk": 40,
        "fields": {
            "_height": 667,
            "_width": 1000,
            "default_alt_text": null,
            "default_caption": null,
            "subject_location": "",
            "date_taken": "2019-01-31T08:35:35.422Z",
            "author": null,
            "must_always_publish_author_credit": false,
            "must_always_publish_copyright": false
        }
    },
    {
        "model": "filer.image",
        "pk": 41,
        "fields": {
            "_height": 225,
            "_width": 225,
            "default_alt_text": null,
            "default_caption": null,
            "subject_location": "",
            "date_taken": "2019-01-31T08:36:04.359Z",
            "author": null,
            "must_always_publish_author_credit": false,
            "must_always_publish_copyright": false
        }
    },
    {
        "model": "filer.image",
        "pk": 42,
        "fields": {
            "_height": 201,
            "_width": 251,
            "default_alt_text": null,
            "default_caption": null,
            "subject_location": "",
            "date_taken": "2019-01-31T08:36:44.279Z",
            "author": null,
            "must_always_publish_author_credit": false,
            "must_always_publish_copyright": false
        }
    },
    {
        "model": "filer.image",
        "pk": 43,
        "fields": {
            "_height": 194,
            "_width": 259,
            "default_alt_text": null,
            "default_caption": null,
            "subject_location": "",
            "date_taken": "2019-01-31T08:37:22.515Z",
            "author": null,
            "must_always_publish_author_credit": false,
            "must_always_publish_copyright": false
        }
    },
    {
        "model": "filer.image",
        "pk": 44,
        "fields": {
            "_height": 183,
            "_width": 275,
            "default_alt_text": null,
            "default_caption": null,
            "subject_location": "",
            "date_taken": "2019-01-31T08:37:48.208Z",
            "author": null,
            "must_always_publish_author_credit": false,
            "must_always_publish_copyright": false
        }
    },
    {
        "model": "filer.image",
        "pk": 45,
        "fields": {
            "_height": 260,
            "_width": 350,
            "default_alt_text": null,
            "default_caption": null,
            "subject_location": "",
            "date_taken": "2019-01-31T08:38:20.568Z",
            "author": null,
            "must_always_publish_author_credit": false,
            "must_always_publish_copyright": false
        }
    },
    {
        "model": "filer.image",
        "pk": 46,
        "fields": {
            "_height": 567,
            "_width": 564,
            "default_alt_text": null,
            "default_caption": null,
            "subject_location": "",
            "date_taken": "2019-01-31T08:39:00.082Z",
            "author": null,
            "must_always_publish_author_credit": false,
            "must_always_publish_copyright": false
        }
    },
    {
        "model": "filer.image",
        "pk": 47,
        "fields": {
            "_height": 296,
            "_width": 355,
            "default_alt_text": null,
            "default_caption": null,
            "subject_location": "",
            "date_taken": "2019-01-31T08:39:43.175Z",
            "author": null,
            "must_always_publish_author_credit": false,
            "must_always_publish_copyright": false
        }
    },
    {
        "model": "filer.image",
        "pk": 48,
        "fields": {
            "_height": 468,
            "_width": 468,
            "default_alt_text": null,
            "default_caption": null,
            "subject_location": "",
            "date_taken": "2019-01-31T08:40:25.191Z",
            "author": null,
            "must_always_publish_author_credit": false,
            "must_always_publish_copyright": false
        }
    },
    {
        "model": "store.cart",
        "pk": 1,
        "fields": {
            "user": 1
        }
    }
]